movieId,title,title_ja,movie_year,genres,imdb_id,wikidata_qid,country_qids,is_coproduction,metadata_status,metadata_retrieved_at_utc
225155,Beneath The Shadow (2020),影裏,2020,(no genres listed),tt11362496,Q108447332,Q17,false,jp_confirmed,2026-10-02T05:27:17Z
226724,The Works and Days (of Tayoko Shiojiri in the Shiotani Basin) (2020),仕事と日,2020,Drama,tt6434210,Q110281357,Q145|Q17|Q30|Q34|Q8646,true,jp_confirmed,2026-10-02T05:33:03Z
235291,Picture Character (2020),,2020,Documentary,tt10011302,Q105818526,Q145|Q17|Q183|Q30|Q40|Q414,true,jp_confirmed,2026-10-02T05:26:32Z
238032,The Cornered Mouse Dreams of Cheese (2020),窮鼠はチーズの夢を見る,2020,Drama|Romance,tt9770716,Q138935131,Q17,false,jp_confirmed,2026-10-02T05:33:51Z
239260,"Kiss Him, Not Me (2020)",私がモテてどうすんだ,2020,Comedy|Romance,tt11595702,Q137733762,Q17,false,jp_confirmed,2026-10-02T05:27:45Z
246522,his (2020),his,2020,Drama|Romance,tt10731362,Q113220366,Q17,false,jp_confirmed,2026-10-02T05:26:56Z
246966,Any Crybabies Around? (2020),泣く子はいねぇが,2020,Drama,tt13082008,Q109362319,Q17,false,jp_confirmed,2026-10-02T05:29:16Z
248434,The Asadas! (2020),浅田家!,2020,Children|Drama,tt9860350,Q85881954,Q17,false,jp_confirmed,2026-10-02T05:33:55Z
254708,Suicide Forest Village (2021),樹海村,2021,Drama|Horror|Mystery,tt12740648,Q97162138,Q17,false,jp_confirmed,2026-10-02T05:28:18Z
259543,Food Luck! (2020),フード・ラック!食運,2020,Children,tt13181596,Q97961899,Q17,false,jp_confirmed,2026-10-02T05:29:18Z
264654,Flip a Coin: ONE OK ROCK Documentary (2021),,2021,Documentary,tt15478858,Q131322008,Q17,false,jp_confirmed,2026-10-02T05:31:13Z
264748,KONTORA (2021),コントラ KONTORA,2021,Drama,tt10381602,Q122333242,Q17,false,jp_confirmed,2026-10-02T05:26:45Z
265202,They Say Nothing Stays the Same (2021),ある船頭の話,2021,Drama,tt10752196,Q64004233,Q17,false,jp_confirmed,2026-10-02T05:26:58Z
266080,Kakegurui 2: Ultimate Russian Roulette (2021),映画 賭󠄀ケグルイ 絶体絶命ロシアンルーレット,2021,Drama|Mystery|Thriller,tt13017168,Q125149906,Q17,false,jp_confirmed,2026-10-02T05:28:27Z
267378,AI Amok (2020),AI崩壊,2020,Sci-Fi,tt10579380,Q65227528,Q17,false,jp_confirmed,2026-10-02T05:26:53Z
267500,Tokyo Revengers (2021),東京リベンジャーズ,2021,Action|Drama,tt11923304,Q100255572,Q17,false,jp_confirmed,2026-10-02T05:27:57Z
269788,Sing a Bit of Harmony (2021),アイの歌声を聴かせて,2021,Animation|Drama|Sci-Fi,tt13064272,Q107463193,Q17,false,jp_confirmed,2026-10-02T05:29:14Z
272613,Tonkatsu DJ Agetaro (2020),とんかつDJアゲ太郎,2020,Comedy,tt11997258,Q130365342,Q17,false,jp_confirmed,2026-10-02T05:28:01Z
274029,Kaguya-sama: Love is War Final (2021),かぐや様は告らせたい～天才たちの恋愛頭脳戦～ファイナル,2021,Comedy|Romance,tt13799986,Q108504704,Q17,false,jp_confirmed,2026-10-02T05:30:18Z
275201,Gensan Punch (2021),義足のボクサー GENSAN PUNCH,2021,Action|Drama,tt14780138,Q109318917,Q17|Q928,true,jp_confirmed,2026-10-02T05:30:54Z
275325,Yamabuki (2022),,2022,Drama,tt17501358,Q121359522,Q142|Q17,true,jp_confirmed,2026-10-02T05:31:33Z
275667,Revue Starlight: The Movie (2021),劇場版 少女☆歌劇 レヴュースタァライト,2021,Action|Animation|Drama|Fantasy,tt13593042,Q113661356,Q17,false,jp_confirmed,2026-10-02T05:30:12Z
275883,Hokusai (2021),HOKUSAI,2021,Drama,tt10787472,Q85865605,Q17,false,jp_confirmed,2026-10-02T05:26:58Z
276259,The Girl From the Other Side (2022),とつくにの少女,2022,Animation|Drama|Fantasy|Mystery,tt14228078,Q117717142,Q17,false,jp_confirmed,2026-10-02T05:30:40Z
278488,Character (2021),キャラクター (2021年の映画),2021,Crime|Mystery|Thriller,tt14118266,Q108183455,Q17,false,jp_confirmed,2026-10-02T05:30:36Z
279936,The Mole Song: FINAL (2021),土竜の唄 FINAL,2021,Action|Comedy|Crime,tt14941348,Q123270071,Q17,false,jp_confirmed,2026-10-02T05:31:00Z
280460,Cherry Magic! THE MOVIE (2022),チェリまほ THE MOVIE 〜30歳まで童貞だと魔法使いになれるらしい〜,2022,Comedy|Romance,tt19632738,Q135153255,Q17,false,jp_confirmed,2026-10-02T05:32:10Z
281278,Sexual Drive (2021),,2021,Drama,tt13886770,Q137133163,Q17,false,jp_confirmed,2026-10-02T05:30:20Z
281708,Come Back Anytime (2021),また いらっしゃい,2021,Documentary,tt11773748,Q114404425,Q17,false,jp_confirmed,2026-10-02T05:27:52Z
286845,Spirited Away: Live on Stage (2023),舞台『千と千尋の神隠し』,2023,Adventure|Children|Drama|Fantasy,tt26678995,Q130598250,Q17,false,jp_confirmed,2026-10-02T05:32:41Z
287539,Bad City (2022),BAD CITY,2022,Action|Crime,tt21243618,Q120333100,Q17,false,jp_confirmed,2026-10-02T05:32:20Z
287795,Drive Into Night (2022),夜を走る,2022,Drama,tt21628252,Q115056166,Q17,false,jp_confirmed,2026-10-02T05:32:23Z
288369,A Hundred Flowers (2022),百花,2022,Children|Drama,tt18395238,Q116889996,Q17,false,jp_confirmed,2026-10-02T05:31:37Z
289799,New Religion (2022),NEW RELIGION,2022,Drama|Horror,tt20413812,Q126373317,Q17,false,jp_confirmed,2026-10-02T05:32:16Z
290059,Kingdom 2: Far and Away (2022),キングダム2 遥かなる大地へ,2022,Action|Adventure|War,tt12415670,Q115259343,Q17,false,jp_confirmed,2026-10-02T05:28:10Z
290944,SEE HEAR LOVE (2023),SEE HEAR LOVE 〜見えなくても聞こえなくても愛してる〜,2023,Drama|Romance,tt27881314,Q124482834,Q17,false,jp_confirmed,2026-10-02T05:32:44Z
291427,Detective Conan: The Bride of Halloween (2022),名探偵コナン ハロウィンの花嫁,2022,Action|Animation|Crime|Mystery,tt19770970,Q109844247,Q17,false,jp_confirmed,2026-10-02T05:32:12Z
