movieId,title,title_ja,movie_year,genres,imdb_id,wikidata_qid,country_qids,is_coproduction,metadata_status,metadata_retrieved_at_utc,n_ratings_subset,mean_rating_subset,std_rating_subset
210577,Sonic the Hedgehog (2020),ソニック・ザ・ムービー,2020,Action|Adventure|Children|Comedy|Fantasy|Sci-Fi,tt3794354,Q29906232,Q17|Q30,true,jp_confirmed,2026-10-02T05:32:49Z,81,2.7901234567901234,0.8172522465970352
216511,Sol Levante (2020),Sol Levante,2020,Action|Animation|Fantasy|Sci-Fi,tt12079068,Q90691447,Q17,false,jp_confirmed,2026-10-02T05:28:03Z,4,2.25,1.1902380714238083
218657,A Whisker Away (2020),泣きたい私は猫をかぶる,2020,Animation|Drama|Fantasy|Romance,tt11958344,Q85881910,Q17,false,jp_confirmed,2026-10-02T05:27:59Z,29,3.1724137931034484,1.0288330947951727
219328,Romance Doll (2020),ロマンスドール,2020,Drama|Romance,tt10914712,Q97171375,Q17,false,jp_confirmed,2026-10-02T05:27:02Z,3,1.1666666666666667,0.7637626158259734
219334,Mellow (2020),Mellow (映画),2020,Romance,tt10957620,Q76676879,Q17,false,jp_confirmed,2026-10-02T05:27:04Z,1,2.0,
220534,Wotakoi: Love is Hard for Otaku (2020),ヲタクに恋は難しい,2020,Comedy|Romance,tt9018612,Q59726927,Q17,false,jp_confirmed,2026-10-02T05:33:36Z,1,2.5,
223310,The Wife of a Spy (2020),スパイの妻,2020,(no genres listed),tt11917942,Q97768272,Q17,false,jp_confirmed,2026-10-02T05:27:57Z,9,3.1666666666666665,0.6123724356957945
223570,Made in Abyss: Dawn of the Deep Soul (2020),劇場版メイドインアビス 深き魂の黎明,2020,Adventure|Animation|Drama|Fantasy|Mystery|Sci-Fi,tt10068916,Q100156151,Q17,false,jp_confirmed,2026-10-02T05:26:34Z,13,2.8846153846153846,1.431110381164543
224841,Console Wars (2020),セガvs.任天堂/Console Wars,2020,Documentary,tt5215462,Q99555529,Q17,false,jp_confirmed,2026-10-02T05:32:55Z,4,3.625,0.47871355387816905
224845,Psycho-Pass 3 Movie: First Inspector (2020),PSYCHO-PASS サイコパス 3 FIRST INSPECTOR,2020,Action|Crime|Sci-Fi,tt11433874,Q86751860,Q17,false,jp_confirmed,2026-10-02T05:27:39Z,8,3.4375,0.7288689868556626
226082,Howling Village (2020),犬鳴村,2020,Horror,tt10919074,Q60988497,Q17,false,jp_confirmed,2026-10-02T05:27:02Z,2,3.0,0.7071067811865476
227835,Fukushima 50 (2020),Fukushima 50,2020,Drama,tt9318772,Q79960318,Q17,false,jp_confirmed,2026-10-02T05:33:43Z,2,3.25,0.3535533905932738
227961,Crazy Samurai Musashi (2020),狂武蔵,2020,Action,tt12015352,Q106246313,Q17,false,jp_confirmed,2026-10-02T05:28:01Z,1,2.0,
228401,Kaiji: Final Game (2020),カイジ ファイナルゲーム,2020,(no genres listed),tt10423160,Q96385032,Q17,false,jp_confirmed,2026-10-02T05:26:48Z,2,2.5,1.4142135623730951
228749,Digimon Adventure: Last Evolution Kizuna (2020),デジモンアドベンチャー LAST EVOLUTION 絆,2020,Action|Adventure|Animation|Fantasy|Thriller,tt9507234,Q65230836,Q17,false,jp_confirmed,2026-10-02T05:33:45Z,1,3.5,
229147,Ainu Mosir (2020),アイヌモシㇼ,2020,Drama,tt9140354,Q104902469,Q17,false,jp_confirmed,2026-10-02T05:33:40Z,1,4.0,
230703,Mother (2020),MOTHER マザー,2020,Drama|Thriller,tt11656548,Q97180661,Q17,false,jp_confirmed,2026-10-02T05:27:47Z,5,1.7,1.1510864433221337
231413,Demon Slayer the Movie: Mugen Train (2020),劇場版 鬼滅の刃 無限列車編,2020,Action|Adventure|Animation|Drama|Fantasy,tt11032374,Q96376192,Q17,false,jp_confirmed,2026-10-02T05:27:06Z,48,3.59375,1.0087713719426536
231915,Not Quite Dead Yet (2020),一度死んでみた,2020,Comedy,tt10993580,Q85874938,Q17,false,jp_confirmed,2026-10-02T05:27:04Z,1,3.5,
232365,The Real Thing (2020),本気のしるし,2020,Drama|Romance,tt13276326,Q121065802,Q17,false,jp_confirmed,2026-10-02T05:29:22Z,3,3.6666666666666665,0.7637626158259734
235617,Ito (2020),糸,2020,Romance,tt10467054,Q65278123,Q17,false,jp_confirmed,2026-10-02T05:26:50Z,1,3.5,
236121,True Mothers (2020),朝が来る,2020,Drama,tt10418630,Q96410966,Q17,false,jp_confirmed,2026-10-02T05:26:48Z,4,2.5,1.224744871391589
236883,Your Eyes Tell (2020),きみの瞳が問いかけている,2020,Drama|Romance,tt11051974,Q97160153,Q17,false,jp_confirmed,2026-10-02T05:27:06Z,1,2.0,
238036,Earwig and the Witch (2020),アーヤと魔女,2020,Animation|Children|Fantasy,tt12441478,Q96031360,Q17,false,jp_confirmed,2026-10-02T05:28:10Z,16,2.65625,0.8508574106942557
238344,Red Post on Escher Street (2020),エッシャー通りの赤いポスト,2020,Comedy|Drama,tt13245934,Q105730578,Q17,false,jp_confirmed,2026-10-02T05:29:20Z,8,3.5625,1.3211872366495652
238346,Shape of Red (2020),Red,2020,Romance,tt11772516,Q85866988,Q17,false,jp_confirmed,2026-10-02T05:27:52Z,1,2.5,
239256,Prisoners of the Ghostland (2021),プリズナーズ・オブ・ゴーストランド,2021,Action|Comedy|Horror|Sci-Fi|Thriller|Western,tt6372694,Q59783263,Q17|Q30,true,jp_confirmed,2026-10-02T05:33:03Z,27,2.3333333333333335,0.9198662110077999
242062,Wheel of Fortune and Fantasy (2021),偶然と想像,2021,Drama,tt14034966,Q105481082,Q17,false,jp_confirmed,2026-10-02T05:30:32Z,21,3.4523809523809526,0.6305704144812438
242116,Given (2020),映画 ギヴン,2020,Animation|Drama|Romance,tt11802992,Q115812510,Q17,false,jp_confirmed,2026-10-02T05:27:52Z,1,4.0,
242404,L'etranger de la Plage (2020),海辺のエトランゼ,2020,Animation|Drama|Romance,tt11193002,Q108722713,Q17,false,jp_confirmed,2026-10-02T05:27:12Z,6,2.5833333333333335,1.241638702145945
243994,ON-GAKU: Our Sound (2020),音楽,2020,Animation|Comedy,tt10487722,Q85884509,Q17,false,jp_confirmed,2026-10-02T05:26:50Z,5,3.4,0.5477225575051661
244038,"From Today, It's My Turn!!: The Movie (2020)",今日から俺は!! 劇場版,2020,Comedy,tt11427318,Q110867758,Q17,false,jp_confirmed,2026-10-02T05:27:39Z,1,4.5,
244120,Stand by Me Doraemon 2 (2020),STAND BY ME ドラえもん 2,2020,Animation,tt13428402,Q78185552,Q17,false,jp_confirmed,2026-10-02T05:30:06Z,2,3.5,1.4142135623730951
244860,"Blue, Painful, and Brittle (2020)",青くて痛くて脆い,2020,(no genres listed),tt11928696,Q55522961,Q17,false,jp_confirmed,2026-10-02T05:27:59Z,1,3.0,
246112,The Confidence Man JP: Princess (2020),コンフィデンスマンJP プリンセス編,2020,Comedy|Mystery,tt12767996,Q110447988,Q17,false,jp_confirmed,2026-10-02T05:28:19Z,1,4.0,
246604,Evangelion: 3.0+1.0 Thrice Upon a Time (2021),シン・エヴァンゲリオン劇場版𝄇,2021,Action|Animation|Drama|Sci-Fi,tt2458948,Q6434144,Q17,false,jp_confirmed,2026-10-02T05:32:37Z,36,3.75,1.0790207200446682
247370,Hold Me Back (2020),私をくいとめて,2020,Comedy|Romance,tt13332890,Q110118201,Q17,false,jp_confirmed,2026-10-02T05:30:02Z,3,2.8333333333333335,1.0408329997330663
247464,Fate/stay night: Heaven's Feel III. Spring Song (2020),Fate/stay night [Heaven's Feel] III.spring song,2020,Action|Animation|Drama|Fantasy|Romance,tt8092118,Q74237069,Q17,false,jp_confirmed,2026-10-02T05:33:21Z,1,4.0,
247500,Homunculus (2021),ホムンクルス,2021,Drama|Thriller,tt14404280,Q106726945,Q17,false,jp_confirmed,2026-10-02T05:30:44Z,8,3.125,0.6408699444616558
249180,Violet Evergarden: The Movie (2020),劇場版 ヴァイオレット・エヴァーガーデン,2020,Animation|Drama|Fantasy|Romance,tt8652818,Q106434135,Q17,false,jp_confirmed,2026-10-02T05:33:31Z,10,4.15,1.0013879257199867
249182,Gintama: The Final (2021),銀魂 THE FINAL,2021,Action|Animation|Comedy,tt10766468,Q100595898,Q17,false,jp_confirmed,2026-10-02T05:26:58Z,3,4.166666666666667,0.5773502691896257
250832,Detective Conan: The Scarlet Bullet (2021),名探偵コナン 緋色の弾丸,2021,Action|Animation|Crime|Mystery|Romance|Thriller,tt12093860,Q76769702,Q17,false,jp_confirmed,2026-10-02T05:28:03Z,2,4.0,1.4142135623730951
251392,Puparia (2020),,2020,Animation,tt13680598,Q121600667,Q17,false,jp_confirmed,2026-10-02T05:30:14Z,3,4.0,0.0
251520,Pretty Guardian Sailor Moon Eternal The Movie Part 1 (2021),劇場版美少女戦士セーラームーンEternal,2021,Action|Adventure|Animation|Comedy|Drama|Fantasy|Romance,tt10635042,Q67597432,Q17,false,jp_confirmed,2026-10-02T05:26:55Z,3,3.1666666666666665,1.2583057392117916
251646,Yakuza and The Family (2021),ヤクザと家族 The Family,2021,Crime|Drama,tt13356884,Q100886621,Q17,false,jp_confirmed,2026-10-02T05:30:02Z,4,3.375,0.8539125638299665
252308,Rurouni Kenshin: The Final (2021),るろうに剣心 最終章 The Final,2021,Action|Adventure|Drama,tt11809034,Q103820244,Q17,false,jp_confirmed,2026-10-02T05:27:54Z,11,2.590909090909091,1.393165134113358
252660,Office Royale (2021),地獄の花園,2021,Action|Comedy,tt14605182,Q108001998,Q17,false,jp_confirmed,2026-10-02T05:30:50Z,1,4.0,
252932,Belle (2021),竜とそばかすの姫,2021,Animation|Drama|Sci-Fi,tt13651628,Q104184744,Q17,false,jp_confirmed,2026-10-02T05:30:14Z,39,3.3461538461538463,0.9607689228305228
253268,Minamata Mandala (2020),水俣曼荼羅,2020,Documentary,tt12735324,Q124482916,Q17,false,jp_confirmed,2026-10-02T05:28:18Z,1,5.0,
253332,Annette (2021),アネット,2021,Drama|Romance,tt6217926,Q29168508,Q142|Q17|Q183|Q31|Q96,true,jp_confirmed,2026-10-02T05:33:01Z,31,2.935483870967742,1.0467563827038184
253508,"Love Me, Love Me Not (2020)",思い、思われ、ふり、ふられ,2020,Animation|Comedy|Drama|Romance,tt11427380,Q134524981,Q17,false,jp_confirmed,2026-10-02T05:27:39Z,1,3.5,
253826,"Josee, the Tiger and the Fish (2020)",ジョゼと虎と魚たち,2020,Animation|Drama|Romance,tt12879624,Q106452140,Q17,false,jp_confirmed,2026-10-02T05:28:24Z,12,3.3333333333333335,1.212310591266516
254464,Words Bubble Up Like Soda Pop (2020),サイダーのように言葉が湧き上がる,2020,Animation|Drama|Romance,tt12735338,Q85871409,Q17,false,jp_confirmed,2026-10-02T05:28:18Z,10,3.35,1.1067971810589328
254500,Itomichi (2021),いとみち,2021,Drama,tt14246700,Q109364841,Q17,false,jp_confirmed,2026-10-02T05:30:40Z,3,3.6666666666666665,0.28867513459481287
255483,Tezuka's Barbara (2020),ばるぼら,2020,Fantasy|Mystery,tt9315672,Q110244944,Q145|Q17|Q183,true,jp_confirmed,2026-10-02T05:33:41Z,1,3.0,
255639,Rurouni Kenshin: The Beginning (2021),るろうに剣心 最終章 The Beginning,2021,Action|Adventure|Drama,tt11991748,Q104870018,Q17,false,jp_confirmed,2026-10-02T05:28:01Z,7,3.0,0.8660254037844386
256535,Pompo: The Cinéphile (2021),映画大好きポンポさん,2021,Animation|Comedy|Drama,tt12439248,Q119918172,Q17,false,jp_confirmed,2026-10-02T05:28:10Z,8,3.8125,0.7039429765866794
257037,Drive My Car (2021),ドライブ・マイ・カー,2021,Drama,tt14039582,Q107107865,Q17,false,jp_confirmed,2026-10-02T05:30:32Z,68,3.514705882352941,1.0926162912774464
257701,Mobile Suit Gundam Hathaway (2021),機動戦士ガンダム 閃光のハサウェイ,2021,Action|Animation|Drama|Sci-Fi,tt13288678,Q109289213,Q17,false,jp_confirmed,2026-10-02T05:29:22Z,3,3.1666666666666665,1.0408329997330663
258001,Beyond the Infinite Two Minutes (2020),ドロステのはてで僕ら,2020,Comedy|Sci-Fi,tt14500584,Q97167716,Q17,false,jp_confirmed,2026-10-02T05:30:46Z,25,3.42,0.9755340417774598
258157,Ride or Die (2021),彼女,2021,Drama|Romance|Thriller,tt14164234,Q105560027,Q17,false,jp_confirmed,2026-10-02T05:30:38Z,4,2.875,0.8539125638299665
258353,The Goldfish: Dreaming of the Sea (2021),海辺の金魚,2021,Drama,tt14580998,Q108319835,Q17,false,jp_confirmed,2026-10-02T05:30:50Z,1,3.5,
258579,The Deer King (2021),鹿の王 ユナと約束の旅,2021,Action|Adventure|Animation|Drama|Fantasy,tt11417856,Q106707387,Q17,false,jp_confirmed,2026-10-02T05:27:39Z,4,3.25,0.5
258969,Last of the Wolves (2021),孤狼の血 LEVEL2,2021,Crime,tt13514232,Q107475275,Q17,false,jp_confirmed,2026-10-02T05:30:08Z,1,3.5,
259319,Around The Table (2021),青葉家のテーブル,2021,Children|Drama,tt14833900,Q109364028,Q17,false,jp_confirmed,2026-10-02T05:30:56Z,1,3.0,
259737,INU-OH (2021),犬王,2021,Animation|Drama,tt10540510,Q106365617,Q17,false,jp_confirmed,2026-10-02T05:26:53Z,7,3.2857142857142856,0.809173593712687
259871,Goblin Slayer: Goblin's Crown (2020),ゴブリンスレイヤー -GOBLIN'S CROWN-,2020,Action|Adventure|Animation|Fantasy,tt11151982,Q87614408,Q17,false,jp_confirmed,2026-10-02T05:27:10Z,2,3.0,0.7071067811865476
260185,Junk Head (2021),JUNK HEAD,2021,Action|Adventure|Animation|Comedy|Sci-Fi,tt6848928,Q108063387,Q17,false,jp_confirmed,2026-10-02T05:33:06Z,5,3.9,0.8215838362577492
260645,It's a Summer Film! (2021),サマーフィルムにのって,2021,Comedy|Drama|Fantasy|Sci-Fi,tt14625190,Q109356936,Q17,false,jp_confirmed,2026-10-02T05:30:50Z,4,2.25,1.1902380714238083
260825,"Onoda – 10,000 Nights in the Jungle (2021)",ONODA 一万夜を越えて,2021,Adventure|Drama|War,tt9844938,Q107456690,Q142|Q17|Q183|Q31|Q38|Q424,true,jp_confirmed,2026-10-02T05:33:53Z,6,3.0833333333333335,1.3197221929886103
261253,Blue (2021),BLUE/ブルー,2021,Drama,tt14611910,Q109362656,Q17,false,jp_confirmed,2026-10-02T05:30:50Z,1,4.0,
262113,Bright: Samurai Soul (2021),ブライト: サムライソウル﻿,2021,Action|Animation|Fantasy,tt14837960,Q108582044,Q17|Q30,true,jp_confirmed,2026-10-02T05:30:56Z,2,3.0,1.4142135623730951
262529,Pokémon the Movie: Secrets of the Jungle (2020),劇場版ポケットモンスター ココ,2020,Adventure|Animation,tt11819890,Q81583691,Q17,false,jp_confirmed,2026-10-02T05:27:54Z,4,2.75,0.28867513459481287
262863,The Seven Deadly Sins: Cursed by Light (2021),劇場版 七つの大罪 光に呪われし者たち,2021,Action|Animation,tt13884144,Q107377427,Q17,false,jp_confirmed,2026-10-02T05:30:20Z,1,3.5,
263555,My Hero Academia: World Heroes' Mission (2021),僕のヒーローアカデミア THE MOVIE ワールド ヒーローズ ミッション,2021,Action|Adventure|Animation|Comedy|Fantasy,tt13544716,Q107130536,Q17,false,jp_confirmed,2026-10-02T05:30:10Z,11,3.1818181818181817,0.9293203772845852
263885,The Cinderella Addiction (2021),哀愁しんでれら,2021,Crime|Drama,tt12886410,Q105336249,Q17,false,jp_confirmed,2026-10-02T05:28:24Z,1,1.5,
264073,We Couldn't Become Adults (2021),ボクたちはみんな大人になれなかった,2021,Drama|Romance,tt14236064,Q109601808,Q17,false,jp_confirmed,2026-10-02T05:30:40Z,3,2.5,0.8660254037844386
264806,Under the Open Sky (2021),すばらしき世界,2021,Drama,tt12801374,Q106969761,Q17,false,jp_confirmed,2026-10-02T05:28:21Z,1,3.0,
265114,The Fable: The Killer Who Doesn't Kill (2021),ザ・ファブル　殺さない殺し屋,2021,Action|Comedy|Crime,tt13017204,Q109728201,Q17,false,jp_confirmed,2026-10-02T05:28:27Z,5,3.2,0.758287544405155
265822,"Ora, Ora Be Goin' Alone (2020)",おらおらでひとりいぐも,2020,Children|Comedy|Drama,tt11657186,Q109456311,Q17,false,jp_confirmed,2026-10-02T05:27:47Z,1,4.0,
266244,Aristocrats (2021),あのこは貴族,2021,Drama,tt12440140,Q97159861,Q17,false,jp_confirmed,2026-10-02T05:28:10Z,1,3.0,
266320,Sword Art Online the Movie -Progressive- Aria of a Starless Night (2021),劇場版 ソードアート・オンライン -プログレッシブ- 星なき夜のアリア,2021,Action|Animation|Fantasy|Sci-Fi,tt13424422,Q105424646,Q17,false,jp_confirmed,2026-10-02T05:30:06Z,2,4.25,0.3535533905932738
267548,The Door into Summer (2021),夏への扉 -キミのいる未来へ-,2021,Drama|Sci-Fi,tt13757540,Q110190783,Q17,false,jp_confirmed,2026-10-02T05:30:16Z,2,2.0,0.7071067811865476
267640,Asakusa Kid (2021),浅草キッド,2021,Drama,tt13528562,Q110051159,Q17,false,jp_confirmed,2026-10-02T05:30:10Z,5,3.9,0.4183300132670378
268322,Poupelle of Chimney Town (2020),えんとつ町のプペル,2020,Adventure|Animation|Drama|Fantasy,tt13276012,Q104212243,Q17,false,jp_confirmed,2026-10-02T05:29:22Z,4,3.375,0.6291528696058958
268374,Moonlight Shadow (2021),ムーンライト・シャドウ,2021,Drama,tt15442580,Q111829585,Q17,false,jp_confirmed,2026-10-02T05:31:13Z,1,1.5,
269766,Catwoman: Hunted (2022),,2022,Action|Animation|Crime,tt15248702,Q109116363,Q17|Q30,true,jp_confirmed,2026-10-02T05:31:08Z,2,4.25,1.0606601717798212
269796,Battlecry (2021),バドルクライ,2021,Animation|Sci-Fi,tt15348246,Q137637043,Q17,false,jp_confirmed,2026-10-02T05:31:11Z,1,3.0,
270528,AWAKE (2020),AWAKE,2020,Drama,tt13292444,Q104231008,Q17,false,jp_confirmed,2026-10-02T05:29:22Z,1,3.0,
270762,Child of Kamiari Month (2021),神在月のこども,2021,Animation|Children|Drama|Fantasy,tt13057626,Q106645541,Q17,false,jp_confirmed,2026-10-02T05:29:14Z,6,3.0833333333333335,0.6645800679125629
271160,Cube (2021),CUBE 一度入ったら、最後,2021,Mystery|Sci-Fi|Thriller,tt13975458,Q105326306,Q17,false,jp_confirmed,2026-10-02T05:30:22Z,5,1.9,0.9617692030835673
271224,The Desperate Hour (2022),デスパレート・ラン,2022,Thriller,tt13133936,Q108166716,Q17,false,jp_confirmed,2026-10-02T05:29:16Z,2,3.5,0.0
271653,Homestay (2022),HOMESTAY (ホームステイ),2022,Drama|Fantasy|Mystery,tt17077058,Q110968262,Q17,false,jp_confirmed,2026-10-02T05:31:32Z,1,3.5,
272079,Jujutsu Kaisen 0 (2021),劇場版 呪術廻戦 0,2021,Action|Adventure|Animation|Mystery,tt14331144,Q109914608,Q17,false,jp_confirmed,2026-10-02T05:30:42Z,35,3.2142857142857144,1.2619179746678926
272339,Love Like the Falling Petals (2022),桜のような僕の恋人,2022,Drama|Romance,tt14227972,Q111520791,Q17,false,jp_confirmed,2026-10-02T05:30:40Z,1,3.5,
272461,Princess Principal Crown Handler: Chapter 1 (2021),プリンセス・プリンシパル Crown Handler 第1章,2021,Action|Adventure|Animation|Drama|Mystery,tt8354164,Q112189845,Q17,false,jp_confirmed,2026-10-02T05:33:25Z,1,4.0,
272463,Princess Principal Crown Handler: Chapter 2 (2021),プリンセス・プリンシパル Crown Handler 第2章,2021,Action|Adventure|Animation|Drama|Mystery,tt14031960,Q112194600,Q17,false,jp_confirmed,2026-10-02T05:30:32Z,1,5.0,
272555,Bubble (2022),バブル,2022,Adventure|Animation|Sci-Fi,tt16360006,Q109965531,Q17,false,jp_confirmed,2026-10-02T05:31:26Z,9,3.1666666666666665,0.9354143466934853
273033,Adam by Eve: A Live in Animation (2022),Adam by Eve: A live in animation,2022,Animation|Drama,tt18274178,Q111253585,Q17,false,jp_confirmed,2026-10-02T05:31:37Z,1,4.0,
273807,Popran (2022),ポプラン,2022,Comedy|Drama|Fantasy,tt13167612,Q109361165,Q17,false,jp_confirmed,2026-10-02T05:29:18Z,1,3.5,
273891,Bullet Train (2022),ブレット・トレイン,2022,Action|Mystery|Thriller,tt12593682,Q99900595,Q17|Q30,true,jp_confirmed,2026-10-02T05:28:14Z,108,3.3194444444444446,0.8819538985274263
274487,One Summer Story (2020),子供はわかってあげない,2020,Drama,tt11273452,Q112742199,Q17,false,jp_confirmed,2026-10-02T05:27:14Z,1,4.0,
274607,Riverside Mukolitta (2021),川っぺりムコリッタ,2021,Children,tt15181216,Q109359005,Q17,false,jp_confirmed,2026-10-02T05:31:06Z,1,4.5,
274993,Ennio: The Maestro (2022),モリコーネ　映画が恋した音楽家,2022,Documentary,tt3031654,Q109301770,Q17|Q31|Q38|Q55,true,jp_confirmed,2026-10-02T05:32:47Z,5,3.5,0.3535533905932738
275245,Nope (2022),NOPE/ノープ,2022,Horror|Mystery|Sci-Fi|Thriller,tt10954984,Q107176162,Q16|Q17|Q30,true,jp_confirmed,2026-10-02T05:27:04Z,105,3.5142857142857142,0.9079169492928232
275651,Fortune Favors Lady Nikuko (2021),漁港の肉子ちゃん,2021,Animation|Children|Drama,tt13758684,Q107333474,Q17,false,jp_confirmed,2026-10-02T05:30:16Z,3,3.1666666666666665,0.28867513459481287
276211,Fruits Basket -prelude- (2022),フルーツバスケット -prelude-,2022,Animation|Comedy|Drama,tt15799550,Q112235726,Q17,false,jp_confirmed,2026-10-02T05:31:20Z,1,2.0,
276231,Dragon Ball Super: Super Hero (2022),ドラゴンボール超 スーパーヒーロー,2022,Action|Animation|Sci-Fi,tt14614892,Q107656066,Q17,false,jp_confirmed,2026-10-02T05:30:50Z,23,3.0217391304347827,1.0816471117274342
276581,Over the Sky (2020),君は彼方,2020,Animation|Drama|Fantasy,tt13139218,Q86956383,Q17,false,jp_confirmed,2026-10-02T05:29:18Z,1,3.0,
277778,Kamen Rider Revice The Movie: Battle Familia (2022),劇場版 仮面ライダーリバイス バトルファミリア,2022,Action|Fantasy|Sci-Fi,tt21110200,Q113127054,Q17,false,jp_confirmed,2026-10-02T05:32:18Z,2,1.75,1.7677669529663689
277954,Fullmetal Alchemist the Revenge of Scar (2022),鋼の錬金術師 完結編 復讐者スカー,2022,Action|Adventure|Fantasy,tt18671386,Q116051265,Q17,false,jp_confirmed,2026-10-02T05:31:39Z,1,3.0,
278070,Summer Ghost (2021),サマーゴースト,2021,Animation|Drama|Fantasy|Mystery,tt15052770,Q108063389,Q17,false,jp_confirmed,2026-10-02T05:31:02Z,5,3.9,0.6519202405202649
278428,Baby Assassins (2021),ベイビーわるきゅーれ,2021,Action|Comedy|Drama,tt15028452,Q109367439,Q17,false,jp_confirmed,2026-10-02T05:31:02Z,4,3.0,0.7071067811865476
278698,Love Life (2022),LOVE LIFE (日本映画),2022,Drama,tt18235306,Q113324433,Q142|Q17,true,jp_confirmed,2026-10-02T05:31:35Z,2,3.0,0.0
278742,The House of the Lost on the Cape (2021),岬のマヨイガ,2021,Animation|Children|Drama,tt13404868,Q114704069,Q17,false,jp_confirmed,2026-10-02T05:30:04Z,2,4.0,0.7071067811865476
278746,Plan 75 (2022),PLAN 75,2022,Drama|Sci-Fi,tt19719904,Q112971431,Q142|Q17|Q846|Q928,true,jp_confirmed,2026-10-02T05:32:10Z,3,2.8333333333333335,0.7637626158259734
278852,"Goodbye, Don Glees! (2022)",グッバイ、ドン・グリーズ!,2022,Adventure|Animation|Fantasy,tt14967958,Q109599231,Q17,false,jp_confirmed,2026-10-02T05:31:00Z,2,3.25,0.3535533905932738
279088,"The Tunnel to Summer, the Exit of Goodbyes (2022)",夏へのトンネル、さよならの出口,2022,Animation|Drama|Mystery|Romance|Sci-Fi,tt17382524,Q110645210,Q17,false,jp_confirmed,2026-10-02T05:31:32Z,1,2.0,
279094,Drifting Home (2022),雨を告げる漂流団地,2022,Animation|Children|Drama|Fantasy|Mystery,tt15494038,Q109602795,Q17,false,jp_confirmed,2026-10-02T05:31:15Z,6,3.6666666666666665,0.816496580927726
279278,Fullmetal Alchemist: The Final Alchemy (2022),鋼の錬金術師 完結編 最後の錬成,2022,Action|Adventure|Fantasy,tt18671660,Q116051264,Q17,false,jp_confirmed,2026-10-02T05:31:39Z,1,3.0,
279376,Missing (2022),さがす,2022,Crime|Drama|Mystery|Thriller,tt15482370,Q112654935,Q17,false,jp_confirmed,2026-10-02T05:31:13Z,2,2.0,2.1213203435596424
279436,Final Cut (2022),キャメラを止めるな!,2022,Comedy|Horror,tt14317880,Q106838911,Q142|Q17|Q30,true,jp_confirmed,2026-10-02T05:30:42Z,4,2.125,0.47871355387816905
279452,Shin Ultraman (2022),シン・ウルトラマン,2022,Action|Drama|Sci-Fi,tt10737918,Q77948675,Q17,false,jp_confirmed,2026-10-02T05:26:56Z,9,2.7777777777777777,0.9391189724653871
279692,One Piece Film Red (2022),ONE PIECE FILM RED,2022,Action|Adventure|Animation|Fantasy,tt16183464,Q109638221,Q17,false,jp_confirmed,2026-10-02T05:31:24Z,7,3.4285714285714284,1.2724180205607036
280996,Shirobako: The Movie (2020),劇場版 SHIROBAKO,2020,Animation|Comedy|Drama,tt8346438,Q109458733,Q17,false,jp_confirmed,2026-10-02T05:33:25Z,1,3.5,
281066,The Violence Action (2022),バイオレンスアクション,2022,Action|Drama,tt17677492,Q131355240,Q17,false,jp_confirmed,2026-10-02T05:31:35Z,4,2.875,0.8539125638299665
281188,Suzume (2022),すずめの戸締まり,2022,Adventure|Animation|Drama|Fantasy,tt16428256,Q110126272,Q17,false,jp_confirmed,2026-10-02T05:31:27Z,34,3.6176470588235294,0.6969503213613096
281342,The Quintessential Quintuplets Movie (2022),映画 五等分の花嫁,2022,Animation|Comedy|Romance,tt15721650,Q111836691,Q17,false,jp_confirmed,2026-10-02T05:31:19Z,1,4.0,
281806,Natsume's Book of Friends: The Waking Rock and the Strange Visitor (2021),夏目友人帳 石起こしと怪しき来訪者,2021,Animation|Drama|Fantasy,tt13210990,Q106178886,Q17,false,jp_confirmed,2026-10-02T05:29:20Z,1,3.0,
281884,Laid-Back Camp The Movie (2022),映画 ゆるキャン△,2022,Animation|Comedy,tt14364238,Q109171859,Q17,false,jp_confirmed,2026-10-02T05:30:42Z,1,4.5,
281960,HELL DOGS (2022),HELL DOGS: IN THE HOUSE OF BAMBOO,2022,Action,tt19845414,Q114144283,Q17,false,jp_confirmed,2026-10-02T05:32:12Z,1,4.5,
282901,That Time I Got Reincarnated as a Slime the Movie: Scarlet Bond (2022),劇場版 転生したらスライムだった件 紅蓮の絆編,2022,Adventure|Animation|Fantasy,tt15467380,Q113841116,Q17,false,jp_confirmed,2026-10-02T05:31:13Z,4,3.25,0.5
282941,My Broken Mariko (2022),マイ・ブロークン・マリコ,2022,Drama,tt17512706,Q113989594,Q17,false,jp_confirmed,2026-10-02T05:31:33Z,1,3.0,
283149,THE FIRST SLAM DUNK (2022),THE FIRST SLAM DUNK,2022,Animation|Comedy|Drama,tt15242330,Q112897629,Q17,false,jp_confirmed,2026-10-02T05:31:08Z,3,3.5,0.5
283751,Re/Member (2022),カラダ探し,2022,Fantasy|Horror|Thriller,tt21250176,Q130598096,Q17,false,jp_confirmed,2026-10-02T05:32:20Z,5,3.2,0.9746794344808964
283791,Kaguya-sama: Love Is War -The First Kiss That Never Ends- (2022),かぐや様は告らせたい-ファーストキッスは終わらない-,2022,Animation|Comedy|Romance,tt23770418,Q121354029,Q17,false,jp_confirmed,2026-10-02T05:32:33Z,3,3.0,1.0
284377,Call Me Chihiro (2023),ちひろさん,2023,Drama,tt21825858,Q115692774,Q17,false,jp_confirmed,2026-10-02T05:32:25Z,3,3.0,1.3228756555322954
284793,Demon Slayer: Kimetsu no Yaiba -To the Swordsmith Village- (2023),「鬼滅の刃」上弦集結、そして刀鍛冶の里へ,2023,Action|Animation|Fantasy,tt26537229,Q111915590,Q17,false,jp_confirmed,2026-10-02T05:32:39Z,3,3.5,0.5
285607,Teasing Master Takagi-san: The Movie (2022),劇場版 からかい上手の高木さん,2022,Animation|Comedy|Romance,tt15313532,Q111512826,Q17,false,jp_confirmed,2026-10-02T05:31:09Z,2,4.5,0.7071067811865476
285651,I Am What I Am (2022),そばかす,2022,Drama,tt23647266,Q120333222,Q17,false,jp_confirmed,2026-10-02T05:32:33Z,2,3.75,0.3535533905932738
286915,Knights of the Zodiac (2023),聖闘士星矢 The Beginning,2023,Action|Adventure|Fantasy,tt6528290,Q108659401,Q17|Q30,true,jp_confirmed,2026-10-02T05:33:04Z,4,1.75,1.0408329997330663
286955,Kamen Rider Geats × Revice: Movie Battle Royale (2022),仮面ライダーギーツ×リバイス MOVIEバトルロワイヤル,2022,Action|Adventure|Drama|Sci-Fi,tt21417736,Q117221181,Q17,false,jp_confirmed,2026-10-02T05:32:23Z,1,3.5,
287405,Crayon Shin-chan: Mononoke Ninja Chinpūden (2022),クレヨンしんちゃん もののけニンジャ珍風伝,2022,Animation|Comedy,tt16410438,Q110028346,Q17,false,jp_confirmed,2026-10-02T05:31:27Z,1,3.5,
287737,Shin Kamen Rider (2023),シン・仮面ライダー,2023,Action|Sci-Fi|Thriller,tt14379088,Q106364049,Q17,false,jp_confirmed,2026-10-02T05:30:44Z,3,3.6666666666666665,1.4433756729740643
287743,How Do You Live? (2023),君たちはどう生きるか,2023,Adventure|Animation|Drama,tt6587046,Q47482560,Q17,false,jp_confirmed,2026-10-02T05:33:04Z,1,3.0,
288209,Black Clover: Sword of the Wizard King (2023),映画 ブラッククローバー 魔法帝の剣,2023,Action|Adventure|Animation|Fantasy,tt22868844,Q116691876,Q17,false,jp_confirmed,2026-10-02T05:32:31Z,4,3.25,1.3228756555322954
288323,Lonely Castle in the Mirror (2022),かがみの孤城,2022,Animation|Drama|Fantasy|Mystery,tt22868842,Q111007970,Q17,false,jp_confirmed,2026-10-02T05:32:31Z,1,4.0,
288769,Psycho-Pass: Providence (2023),劇場版 PSYCHO-PASS サイコパス PROVIDENCE,2023,Animation|Crime|Mystery|Thriller,tt26224944,Q115040005,Q17,false,jp_confirmed,2026-10-02T05:32:39Z,1,3.0,
288807,Monster (2023),怪物,2023,Drama,tt23736044,Q116687945,Q17,false,jp_confirmed,2026-10-02T05:32:33Z,3,4.0,0.5
288937,Blue Thermal (2022),ブルーサーマル -青凪大学体育会航空部-,2022,Animation|Comedy|Drama|Romance,tt15304756,Q108289218,Q17,false,jp_confirmed,2026-10-02T05:31:09Z,2,3.5,0.7071067811865476
289069,Resident Evil: Death Island (2023),バイオハザード：デスアイランド,2023,Action|Animation|Horror,tt26674627,Q116728278,Q17,false,jp_confirmed,2026-10-02T05:32:41Z,3,2.5,0.5
289097,Gran Turismo (2023),グランツーリスモ,2023,Action|Drama,tt4495098,Q112909147,Q145|Q17|Q30,true,jp_confirmed,2026-10-02T05:32:53Z,19,3.1315789473684212,0.8634894527947167
289563,Zom 100: Bucket List of the Dead (2023),ゾン100～ゾンビになるまでにしたい100のこと～,2023,Action|Comedy|Horror,tt20672534,Q120200173,Q17,false,jp_confirmed,2026-10-02T05:32:16Z,3,3.1666666666666665,0.5773502691896257
290195,Missing: The Lucie Blackman Case (2023),警視庁捜査一課 ルーシー・ブラックマン事件,2023,Crime|Documentary,tt19113292,Q131355183,Q17|Q30,true,jp_confirmed,2026-10-02T05:31:39Z,1,1.0,
290787,Once Upon a Crime (2023),赤ずきん、旅の途中で死体と出会う,2023,Adventure|Comedy|Fantasy,tt15944018,Q122529703,Q17,false,jp_confirmed,2026-10-02T05:31:22Z,2,3.5,0.0
291817,Evil Does Not Exist (2023),悪は存在しない,2023,Drama,tt28490044,Q120897557,Q17,false,jp_confirmed,2026-10-02T05:32:44Z,1,4.0,
292033,Mrs. Noisy (2020),ミセス・ノイズィ,2020,Comedy|Drama,tt12304814,Q104114053,Q17,false,jp_confirmed,2026-10-02T05:28:06Z,1,3.0,
292043,A Man (2022),ある男,2022,Drama|Thriller,tt20251822,Q109595555,Q17,false,jp_confirmed,2026-10-02T05:32:14Z,1,0.5,
292057,Complicity (2020),コンプリシティ/優しい共犯,2020,Drama,tt7239688,Q86741018,Q148|Q17,true,jp_confirmed,2026-10-02T05:33:11Z,1,2.0,
