userId,movieId,rating,timestamp,rated_at_utc
3135,275245,0.5,1696296897,2023-10-03T01:34:57Z
3135,230703,0.5,1696296899,2023-10-03T01:34:59Z
3135,266244,3.0,1696296903,2023-10-03T01:35:03Z
3135,232365,4.5,1696296904,2023-10-03T01:35:04Z
3135,238344,0.5,1696296904,2023-10-03T01:35:04Z
3135,247370,2.0,1696296904,2023-10-03T01:35:04Z
3135,263885,1.5,1696296904,2023-10-03T01:35:04Z
3135,257037,0.5,1696296905,2023-10-03T01:35:05Z
3135,258001,0.5,1696296906,2023-10-03T01:35:06Z
3135,279376,0.5,1696296907,2023-10-03T01:35:07Z
3135,260825,0.5,1696296954,2023-10-03T01:35:54Z
3135,292033,3.0,1696346640,2023-10-03T15:24:00Z
3135,292043,0.5,1696346895,2023-10-03T15:28:15Z
3135,292057,2.0,1696347053,2023-10-03T15:30:53Z
3210,224845,4.5,1641824032,2022-01-10T14:13:52Z
3210,280996,3.5,1669646418,2022-11-28T14:40:18Z
3210,281806,3.0,1671624696,2022-12-21T12:11:36Z
3210,253826,4.5,1679647798,2023-03-24T08:49:58Z
3210,281188,4.5,1682357867,2023-04-24T17:37:47Z
3210,249180,4.5,1692706197,2023-08-22T12:09:57Z
4392,257037,5.0,1654007342,2022-05-31T14:29:02Z
4392,246604,5.0,1654014060,2022-05-31T16:21:00Z
4392,253332,4.0,1654015833,2022-05-31T16:50:33Z
4392,239256,2.0,1654019622,2022-05-31T17:53:42Z
4392,275245,5.0,1660522714,2022-08-15T00:18:34Z
4392,259737,3.5,1660522857,2022-08-15T00:20:57Z
4392,276231,3.5,1664121462,2022-09-25T15:57:42Z
4392,273891,1.0,1664121683,2022-09-25T16:01:23Z
5029,210577,3.5,1584042909,2020-03-12T19:55:09Z
5029,239256,2.0,1632038456,2021-09-19T08:00:56Z
5029,272079,5.0,1647927898,2022-03-22T05:44:58Z
5029,275245,4.0,1658612763,2022-07-23T21:46:03Z
5029,273891,3.0,1660120699,2022-08-10T08:38:19Z
5029,271160,2.5,1663303530,2022-09-16T04:45:30Z
6112,210577,3.0,1627047785,2021-07-23T13:43:05Z
6112,259871,2.5,1635789021,2021-11-01T17:50:21Z
6112,246604,2.5,1641055280,2022-01-01T16:41:20Z
6112,249180,4.5,1642958528,2022-01-23T17:22:08Z
6112,251520,2.0,1643043323,2022-01-24T16:55:23Z
6112,224841,3.0,1651169053,2022-04-28T18:04:13Z
6112,216511,0.5,1655648246,2022-06-19T14:17:26Z
6112,273891,2.5,1678803268,2023-03-14T14:14:28Z
6324,246604,2.5,1648106580,2022-03-24T07:23:00Z
6324,275245,3.5,1669347507,2022-11-25T03:38:27Z
6324,273891,4.0,1670773417,2022-12-11T15:43:37Z
6324,286915,1.5,1684297025,2023-05-17T04:17:05Z
6324,276231,4.0,1693791321,2023-09-04T01:35:21Z
6541,210577,3.0,1584030829,2020-03-12T16:33:49Z
6541,224841,4.0,1601514445,2020-10-01T01:07:25Z
6541,265114,3.0,1649828759,2022-04-13T05:45:59Z
6541,273891,3.0,1667803967,2022-11-07T06:52:47Z
6541,281066,2.0,1669450730,2022-11-26T08:18:50Z
6541,289097,3.0,1695805988,2023-09-27T09:13:08Z
7419,218657,3.5,1638716478,2021-12-05T15:01:18Z
7419,254464,3.5,1638780364,2021-12-06T08:46:04Z
7419,253826,4.0,1638780372,2021-12-06T08:46:12Z
7419,275245,4.0,1664817999,2022-10-03T17:26:39Z
7419,257037,3.5,1669816392,2022-11-30T13:53:12Z
7419,242062,3.5,1674369516,2023-01-22T06:38:36Z
8069,210577,2.5,1620332226,2021-05-06T20:17:06Z
8069,263555,2.5,1645315647,2022-02-20T00:07:27Z
8069,272079,4.5,1671940901,2022-12-25T04:01:41Z
8069,281884,4.5,1671941940,2022-12-25T04:19:00Z
8069,272555,2.5,1673765020,2023-01-15T06:43:40Z
8069,283791,3.0,1683659519,2023-05-09T19:11:59Z
8069,231413,4.0,1691272996,2023-08-05T22:03:16Z
9418,210577,3.5,1591808938,2020-06-10T17:08:58Z
9418,218657,3.5,1599614857,2020-09-09T01:27:37Z
9418,224845,3.5,1600972291,2020-09-24T18:31:31Z
9418,247500,3.0,1619741163,2021-04-30T00:06:03Z
9418,231413,3.5,1619984518,2021-05-02T19:41:58Z
10189,257037,4.5,1650973137,2022-04-26T11:38:57Z
10189,243994,4.0,1651499820,2022-05-02T13:57:00Z
10189,252932,3.5,1651499821,2022-05-02T13:57:01Z
10189,239256,1.5,1651499825,2022-05-02T13:57:05Z
10189,253332,4.0,1651499825,2022-05-02T13:57:05Z
10189,260185,4.5,1651499825,2022-05-02T13:57:05Z
10189,260825,4.0,1651499827,2022-05-02T13:57:07Z
14731,272079,3.5,1691174150,2023-08-04T18:35:50Z
14731,273891,2.0,1691178571,2023-08-04T19:49:31Z
14731,275245,4.0,1691179427,2023-08-04T20:03:47Z
14731,253332,3.5,1691194517,2023-08-05T00:15:17Z
14731,257037,4.0,1691198451,2023-08-05T01:20:51Z
14731,252932,3.5,1691201447,2023-08-05T02:10:47Z
14731,242062,3.5,1694095847,2023-09-07T14:10:47Z
15489,258157,3.0,1638902103,2021-12-07T18:35:03Z
15489,253332,3.5,1651341891,2022-04-30T18:04:51Z
15489,257037,4.5,1656874528,2022-07-03T18:55:28Z
15489,275245,4.0,1660433590,2022-08-13T23:33:10Z
15489,273891,2.5,1665003064,2022-10-05T20:51:04Z
15489,258001,3.0,1674742285,2023-01-26T14:11:25Z
15489,242062,4.0,1676741128,2023-02-18T17:25:28Z
16344,210577,3.0,1626028947,2021-07-11T18:42:27Z
16344,231413,3.5,1642342118,2022-01-16T14:08:38Z
16344,276231,3.0,1666061934,2022-10-18T02:58:54Z
16344,271224,3.5,1672604842,2023-01-01T20:27:22Z
16344,283791,4.0,1676561928,2023-02-16T15:38:48Z
16344,281188,3.0,1681363621,2023-04-13T05:27:01Z
16344,286915,2.0,1683200895,2023-05-04T11:48:15Z
16642,260185,3.5,1647562608,2022-03-18T00:16:48Z
16642,260645,3.0,1647565906,2022-03-18T01:11:46Z
16642,210577,1.5,1647568259,2022-03-18T01:50:59Z
16642,264806,3.0,1653395075,2022-05-24T12:24:35Z
16642,258001,3.5,1653395280,2022-05-24T12:28:00Z
16647,257037,5.0,1690177497,2023-07-24T05:44:57Z
16647,253332,4.0,1690178084,2023-07-24T05:54:44Z
16647,246604,5.0,1690178168,2023-07-24T05:56:08Z
16647,239256,4.0,1690238998,2023-07-24T22:49:58Z
16647,210577,3.5,1690239042,2023-07-24T22:50:42Z
17856,210577,3.0,1600788359,2020-09-22T15:25:59Z
17856,238036,3.5,1612803062,2021-02-08T16:51:02Z
17856,243994,3.0,1618454749,2021-04-15T02:45:49Z
17856,252932,4.5,1642699371,2022-01-20T17:22:51Z
17856,275245,3.5,1672838731,2023-01-04T13:25:31Z
17856,273891,3.5,1673970602,2023-01-17T15:50:02Z
17856,259737,2.5,1675829069,2023-02-08T04:04:29Z
18240,210577,2.0,1585386267,2020-03-28T09:04:27Z
18240,272339,3.5,1648323659,2022-03-26T19:40:59Z
18240,251646,3.0,1648323938,2022-03-26T19:45:38Z
18240,273891,2.5,1686088821,2023-06-06T22:00:21Z
18240,289069,2.0,1690896573,2023-08-01T13:29:33Z
19387,246604,3.5,1643739356,2022-02-01T18:15:56Z
19387,257037,3.5,1650404573,2022-04-19T21:42:53Z
19387,273891,4.0,1659649682,2022-08-04T21:48:02Z
19387,275245,3.5,1661546159,2022-08-26T20:35:59Z
19387,289097,4.0,1692736699,2023-08-22T20:38:19Z
19528,219334,2.0,1593571854,2020-07-01T02:50:54Z
19528,230703,2.0,1606918776,2020-12-02T14:19:36Z
19528,223310,2.0,1619593147,2021-04-28T06:59:07Z
19528,236121,2.0,1619766853,2021-04-30T07:14:13Z
19528,257037,3.0,1646606415,2022-03-06T22:40:15Z
19528,210577,2.0,1655237690,2022-06-14T20:14:50Z
19528,275245,3.5,1667249639,2022-10-31T20:53:59Z
19528,273891,2.5,1671485703,2022-12-19T21:35:03Z
19528,284377,1.5,1677949493,2023-03-04T17:04:53Z
20942,231413,0.5,1677054221,2023-02-22T08:23:41Z
20942,275245,3.0,1677054221,2023-02-22T08:23:41Z
20942,257037,0.5,1677054222,2023-02-22T08:23:42Z
20942,272079,0.5,1677054222,2023-02-22T08:23:42Z
20942,273891,0.5,1677054222,2023-02-22T08:23:42Z
20959,210577,3.5,1581654799,2020-02-14T04:33:19Z
20959,253332,3.0,1629690560,2021-08-23T03:49:20Z
20959,273891,4.0,1659491806,2022-08-03T01:56:46Z
20959,275245,3.5,1659496451,2022-08-03T03:14:11Z
20959,289097,3.5,1694968305,2023-09-17T16:31:45Z
21707,218657,4.0,1592742563,2020-06-21T12:29:23Z
21707,247500,3.5,1619583127,2021-04-28T04:12:07Z
21707,254464,4.0,1627810085,2021-08-01T09:28:05Z
21707,257701,4.0,1632013209,2021-09-19T01:00:09Z
21707,249180,4.5,1634600340,2021-10-18T23:39:00Z
21707,262113,4.0,1634987920,2021-10-23T11:18:40Z
21707,270762,3.5,1649072462,2022-04-04T11:41:02Z
21707,272555,3.5,1652159426,2022-05-10T05:10:26Z
21707,265114,3.5,1653803314,2022-05-29T05:48:34Z
21707,267640,4.5,1653873192,2022-05-30T01:13:12Z
21707,279094,3.5,1663636594,2022-09-20T01:16:34Z
21707,289563,3.5,1691650965,2023-08-10T07:02:45Z
22724,210577,3.5,1610442204,2021-01-12T09:03:24Z
22724,275245,3.5,1660812623,2022-08-18T08:50:23Z
22724,239256,3.5,1660814282,2022-08-18T09:18:02Z
22724,273891,4.0,1685651655,2023-06-01T20:34:15Z
22724,231413,4.0,1693286847,2023-08-29T05:27:27Z
22768,275245,3.5,1665832913,2022-10-15T11:21:53Z
22768,252932,3.0,1665833377,2022-10-15T11:29:37Z
22768,273891,1.5,1665834122,2022-10-15T11:42:02Z
22768,258001,3.5,1688815950,2023-07-08T11:32:30Z
22768,279436,2.0,1688817986,2023-07-08T12:06:26Z
22768,281188,3.5,1688818005,2023-07-08T12:06:45Z
22768,279452,2.5,1692843679,2023-08-24T02:21:19Z
23087,231413,3.0,1638010241,2021-11-27T10:50:41Z
23087,252932,5.0,1645101361,2022-02-17T12:36:01Z
23087,279692,4.0,1671570930,2022-12-20T21:15:30Z
23087,272555,4.0,1688841504,2023-07-08T18:38:24Z
23087,281188,4.5,1688841514,2023-07-08T18:38:34Z
24072,250832,3.0,1673236700,2023-01-09T03:58:20Z
24072,238344,3.5,1673236701,2023-01-09T03:58:21Z
24072,258001,3.5,1673236702,2023-01-09T03:58:22Z
24072,276231,4.0,1673236702,2023-01-09T03:58:22Z
24072,246604,4.0,1673236705,2023-01-09T03:58:25Z
24072,239256,3.0,1673236713,2023-01-09T03:58:33Z
24675,242062,2.0,1630192728,2021-08-28T23:18:48Z
24675,275245,3.0,1662376062,2022-09-05T11:07:42Z
24675,278698,3.0,1662848802,2022-09-10T22:26:42Z
24675,278746,2.0,1684012629,2023-05-13T21:17:09Z
24675,281188,3.0,1693685588,2023-09-02T20:13:08Z
25788,210577,2.0,1582133627,2020-02-19T17:33:47Z
25788,246604,5.0,1629808187,2021-08-24T12:29:47Z
25788,239256,2.5,1637608141,2021-11-22T19:09:01Z
25788,252932,4.0,1641995415,2022-01-12T13:50:15Z
25788,231413,4.0,1648397133,2022-03-27T16:05:33Z
25788,276231,3.0,1661305777,2022-08-24T01:49:37Z
25788,273891,4.0,1662125153,2022-09-02T13:25:53Z
25788,275245,3.5,1663246303,2022-09-15T12:51:43Z
25788,279452,3.5,1674332087,2023-01-21T20:14:47Z
25788,257037,4.5,1675612120,2023-02-05T15:48:40Z
25788,284793,3.0,1678560938,2023-03-11T18:55:38Z
25788,253826,4.5,1680443536,2023-04-02T13:52:16Z
25788,281188,3.5,1682632049,2023-04-27T21:47:29Z
25788,287737,4.5,1691756073,2023-08-11T12:14:33Z
27533,210577,3.5,1631933290,2021-09-18T02:48:10Z
27533,231413,4.0,1631934780,2021-09-18T03:13:00Z
27533,218657,4.5,1631935024,2021-09-18T03:17:04Z
27533,263555,3.5,1641959672,2022-01-12T03:54:32Z
27533,275245,3.5,1664435430,2022-09-29T07:10:30Z
30633,273891,4.5,1666144430,2022-10-19T01:53:50Z
30633,231413,0.5,1666145070,2022-10-19T02:04:30Z
30633,246604,0.5,1666145085,2022-10-19T02:04:45Z
30633,254464,0.5,1666145229,2022-10-19T02:07:09Z
30633,252308,0.5,1666145271,2022-10-19T02:07:51Z
31033,210577,3.5,1608678337,2020-12-22T23:05:37Z
31033,251392,4.0,1664397839,2022-09-28T20:43:59Z
31033,231413,3.0,1664398397,2022-09-28T20:53:17Z
31033,275245,5.0,1664824129,2022-10-03T19:08:49Z
31033,252932,1.5,1667585853,2022-11-04T18:17:33Z
31033,273891,3.5,1678665575,2023-03-12T23:59:35Z
34365,210577,3.0,1648161322,2022-03-24T22:35:22Z
34365,273891,3.5,1659506642,2022-08-03T06:04:02Z
34365,279376,3.5,1664592283,2022-10-01T02:44:43Z
34365,279452,3.0,1664777508,2022-10-03T06:11:48Z
34365,252932,4.5,1673416894,2023-01-11T06:01:34Z
34365,246604,4.0,1673763539,2023-01-15T06:18:59Z
34365,282901,3.0,1674276169,2023-01-21T04:42:49Z
34365,281188,4.5,1681610901,2023-04-16T02:08:21Z
34365,289097,3.5,1690334396,2023-07-26T01:19:56Z
34365,275245,4.5,1691734618,2023-08-11T06:16:58Z
34883,218657,3.5,1595102066,2020-07-18T19:54:26Z
34883,223570,4.0,1605415679,2020-11-15T04:47:59Z
34883,253826,3.0,1631411167,2021-09-12T01:46:07Z
34883,239256,1.5,1632264850,2021-09-21T22:54:10Z
34883,231413,4.0,1637539697,2021-11-22T00:08:17Z
35263,210577,2.5,1651520478,2022-05-02T19:41:18Z
35263,257037,3.5,1664548511,2022-09-30T14:35:11Z
35263,242062,3.5,1664548633,2022-09-30T14:37:13Z
35263,275245,4.0,1664548972,2022-09-30T14:42:52Z
35263,253332,3.0,1668985312,2022-11-20T23:01:52Z
35263,252932,2.0,1674760641,2023-01-26T19:17:21Z
36145,275245,2.0,1665574118,2022-10-12T11:28:38Z
36145,273891,3.5,1665574155,2022-10-12T11:29:15Z
36145,271160,1.5,1666082473,2022-10-18T08:41:13Z
36145,224845,4.0,1666705037,2022-10-25T13:37:17Z
36145,246604,5.0,1666950782,2022-10-28T09:53:02Z
36145,239256,1.5,1667394416,2022-11-02T13:06:56Z
36145,247500,3.5,1667480796,2022-11-03T13:06:36Z
36145,257701,3.5,1667559668,2022-11-04T11:01:08Z
36438,210577,3.5,1582501534,2020-02-23T23:45:34Z
36438,231413,4.0,1625030651,2021-06-30T05:24:11Z
36438,263555,2.0,1636260989,2021-11-07T04:56:29Z
36438,273891,3.5,1662910424,2022-09-11T15:33:44Z
36438,281188,3.0,1682116311,2023-04-21T22:31:51Z
36438,289097,3.5,1694656935,2023-09-14T02:02:15Z
38631,228401,3.5,1662045477,2022-09-01T15:17:57Z
38631,231413,4.0,1662045478,2022-09-01T15:17:58Z
38631,275245,3.5,1662045478,2022-09-01T15:17:58Z
38631,252308,4.0,1662045480,2022-09-01T15:18:00Z
38631,273891,3.5,1662045482,2022-09-01T15:18:02Z
38631,272079,3.0,1662045483,2022-09-01T15:18:03Z
38631,210577,3.0,1662045492,2022-09-01T15:18:12Z
39052,275245,1.5,1681507297,2023-04-14T21:21:37Z
39052,273891,2.0,1681507316,2023-04-14T21:21:56Z
39052,276231,1.0,1688837433,2023-07-08T17:30:33Z
39052,223570,1.0,1688837439,2023-07-08T17:30:39Z
39052,224845,2.0,1688837932,2023-07-08T17:38:52Z
39052,271160,2.0,1688913196,2023-07-09T14:33:16Z
39052,289097,1.5,1694177248,2023-09-08T12:47:28Z
44583,263555,3.5,1642959429,2022-01-23T17:37:09Z
44583,231413,3.5,1642959451,2022-01-23T17:37:31Z
44583,253332,2.5,1642959584,2022-01-23T17:39:44Z
44583,272079,3.5,1657484741,2022-07-10T20:25:41Z
44583,275245,4.0,1667781173,2022-11-07T00:32:53Z
44583,262529,3.0,1667781314,2022-11-07T00:35:14Z
44816,275245,4.0,1683122110,2023-05-03T13:55:10Z
44816,252308,3.0,1683122111,2023-05-03T13:55:11Z
44816,218657,3.5,1683122112,2023-05-03T13:55:12Z
44816,273891,4.0,1683122113,2023-05-03T13:55:13Z
44816,246112,4.0,1683122114,2023-05-03T13:55:14Z
44816,267640,4.0,1683122114,2023-05-03T13:55:14Z
44816,257037,3.0,1683122115,2023-05-03T13:55:15Z
48111,247370,2.5,1619358527,2021-04-25T13:48:47Z
48111,257037,3.0,1650104175,2022-04-16T10:16:15Z
48111,274607,4.5,1651918374,2022-05-07T10:12:54Z
48111,275245,4.0,1661103057,2022-08-21T17:30:57Z
48111,285651,3.5,1679259556,2023-03-19T20:59:16Z
49999,275245,4.0,1662128329,2022-09-02T14:18:49Z
49999,273891,3.0,1662202174,2022-09-03T10:49:34Z
49999,210577,2.5,1664203789,2022-09-26T14:49:49Z
49999,287737,2.0,1685622543,2023-06-01T12:29:03Z
49999,289097,2.0,1693587034,2023-09-01T16:50:34Z
50288,210577,3.5,1583090291,2020-03-01T19:18:11Z
50288,263555,2.5,1647799248,2022-03-20T18:00:48Z
50288,231413,3.5,1647799266,2022-03-20T18:01:06Z
50288,272079,3.5,1664066720,2022-09-25T00:45:20Z
50288,273891,4.5,1671754641,2022-12-23T00:17:21Z
52068,276231,1.0,1668967704,2022-11-20T18:08:24Z
52068,242404,1.0,1688221896,2023-07-01T14:31:36Z
52068,275245,4.5,1688222375,2023-07-01T14:39:35Z
52068,272079,0.5,1689034932,2023-07-11T00:22:12Z
52068,283751,2.5,1690138337,2023-07-23T18:52:17Z
52161,272079,2.5,1664091434,2022-09-25T07:37:14Z
52161,273891,4.0,1664649059,2022-10-01T18:30:59Z
52161,279436,2.5,1664745373,2022-10-02T21:16:13Z
52161,286915,0.5,1688314814,2023-07-02T16:20:14Z
52161,289069,2.5,1690143872,2023-07-23T20:24:32Z
52801,257037,2.0,1656968773,2022-07-04T21:06:13Z
52801,246604,2.0,1656970980,2022-07-04T21:43:00Z
52801,253826,0.5,1656973607,2022-07-04T22:26:47Z
52801,252932,2.0,1656973970,2022-07-04T22:32:50Z
52801,249180,3.5,1656974009,2022-07-04T22:33:29Z
52881,272079,2.5,1653438214,2022-05-25T00:23:34Z
52881,231413,3.0,1653438231,2022-05-25T00:23:51Z
52881,246604,4.5,1653438602,2022-05-25T00:30:02Z
52881,249182,4.5,1655270864,2022-06-15T05:27:44Z
52881,279692,3.5,1668036693,2022-11-09T23:31:33Z
52881,256535,4.5,1680224542,2023-03-31T01:02:22Z
52881,273891,2.0,1680831700,2023-04-07T01:41:40Z
52881,288209,4.5,1686952931,2023-06-16T22:02:11Z
52881,278070,5.0,1695482266,2023-09-23T15:17:46Z
54831,238036,2.5,1614548714,2021-02-28T21:45:14Z
54831,246604,3.5,1643769685,2022-02-02T02:41:25Z
54831,252932,3.5,1643769825,2022-02-02T02:43:45Z
54831,254464,3.0,1643769904,2022-02-02T02:45:04Z
54831,257037,5.0,1648947179,2022-04-03T00:52:59Z
54831,275245,4.5,1666315310,2022-10-21T01:21:50Z
54831,281188,3.5,1689550494,2023-07-16T23:34:54Z
57304,210577,2.5,1600557058,2020-09-19T23:10:58Z
57304,243994,3.0,1626010808,2021-07-11T13:40:08Z
57304,238036,3.0,1630926674,2021-09-06T11:11:14Z
57304,239256,3.0,1641498799,2022-01-06T19:53:19Z
57304,253826,3.5,1651857983,2022-05-06T17:26:23Z
57304,236121,3.5,1654555877,2022-06-06T22:51:17Z
57304,252932,3.5,1659451168,2022-08-02T14:39:28Z
57304,256535,3.0,1664793301,2022-10-03T10:35:01Z
57304,268322,2.5,1666747740,2022-10-26T01:29:00Z
57304,278428,2.5,1669936174,2022-12-01T23:09:34Z
57304,275245,3.0,1670454670,2022-12-07T23:11:10Z
57304,258579,3.5,1675114906,2023-01-30T21:41:46Z
57304,273891,3.0,1675204709,2023-01-31T22:38:29Z
57304,278852,3.0,1676378105,2023-02-14T12:35:05Z
57304,275651,3.0,1677237332,2023-02-24T11:15:32Z
57304,242404,3.0,1678337993,2023-03-09T04:59:53Z
57304,259737,3.0,1679208620,2023-03-19T06:50:20Z
57304,278070,3.5,1679365780,2023-03-21T02:29:40Z
57304,272079,3.0,1687866425,2023-06-27T11:47:05Z
57304,286915,3.0,1690972069,2023-08-02T10:27:49Z
57304,289069,3.0,1695829963,2023-09-27T15:52:43Z
57770,210577,1.0,1636297620,2021-11-07T15:07:00Z
57770,275245,3.5,1659752645,2022-08-06T02:24:05Z
57770,257701,2.0,1662323070,2022-09-04T20:24:30Z
57770,258001,5.0,1682200877,2023-04-22T22:01:17Z
57770,252932,3.0,1688167378,2023-06-30T23:22:58Z
57770,260185,5.0,1693177354,2023-08-27T23:02:34Z
57927,231413,4.0,1632951456,2021-09-29T21:37:36Z
57927,263555,3.0,1656269882,2022-06-26T18:58:02Z
57927,227961,2.0,1656270719,2022-06-26T19:11:59Z
57927,276231,3.0,1656271125,2022-06-26T19:18:45Z
57927,251392,4.0,1691282249,2023-08-06T00:37:29Z
60326,210577,4.5,1585609070,2020-03-30T22:57:50Z
60326,252932,4.5,1648712933,2022-03-31T07:48:53Z
60326,276231,2.5,1665161346,2022-10-07T16:49:06Z
60326,275245,4.5,1677263369,2023-02-24T18:29:29Z
60326,281188,4.0,1685694506,2023-06-02T08:28:26Z
63287,210577,3.5,1661825746,2022-08-30T02:15:46Z
63287,275245,5.0,1674098044,2023-01-19T03:14:04Z
63287,231413,4.0,1675473691,2023-02-04T01:21:31Z
63287,272079,3.5,1675476656,2023-02-04T02:10:56Z
63287,252932,4.5,1676157766,2023-02-11T23:22:46Z
63287,282901,3.0,1689990640,2023-07-22T01:50:40Z
64819,210577,2.5,1583184329,2020-03-02T21:25:29Z
64819,246604,3.0,1629405640,2021-08-19T20:40:40Z
64819,239256,1.5,1633646525,2021-10-07T22:42:05Z
64819,275245,3.0,1662836626,2022-09-10T19:03:46Z
64819,273891,3.0,1670877592,2022-12-12T20:39:52Z
64819,276231,3.0,1686075763,2023-06-06T18:22:43Z
65925,210577,2.0,1694343616,2023-09-10T11:00:16Z
65925,218657,3.0,1694343617,2023-09-10T11:00:17Z
65925,258001,4.5,1694343619,2023-09-10T11:00:19Z
65925,273891,2.5,1694343620,2023-09-10T11:00:20Z
65925,279452,3.5,1694343620,2023-09-10T11:00:20Z
65925,281188,4.0,1694343620,2023-09-10T11:00:20Z
66255,273891,3.0,1676781944,2023-02-19T04:45:44Z
66255,246604,5.0,1676783583,2023-02-19T05:13:03Z
66255,252932,3.5,1676824554,2023-02-19T16:35:54Z
66255,272079,3.0,1676824579,2023-02-19T16:36:19Z
66255,231413,3.5,1676826508,2023-02-19T17:08:28Z
66366,228749,3.5,1606587973,2020-11-28T18:26:13Z
66366,254464,3.5,1627268528,2021-07-26T03:02:08Z
66366,239256,2.5,1632751624,2021-09-27T14:07:04Z
66366,252932,3.5,1641219447,2022-01-03T14:17:27Z
66366,257037,3.5,1646848990,2022-03-09T18:03:10Z
66366,273891,4.0,1662256189,2022-09-04T01:49:49Z
66366,278428,4.0,1662256228,2022-09-04T01:50:28Z
66537,253332,3.0,1641110892,2022-01-02T08:08:12Z
66537,252932,4.0,1664696464,2022-10-02T07:41:04Z
66537,275245,4.5,1670220058,2022-12-05T06:00:58Z
66537,258001,4.0,1672483416,2022-12-31T10:43:36Z
66537,257037,3.0,1693030572,2023-08-26T06:16:12Z
67072,246604,3.0,1636330044,2021-11-08T00:07:24Z
67072,253332,2.5,1637883056,2021-11-25T23:30:56Z
67072,257037,4.0,1647288472,2022-03-14T20:07:52Z
67072,242062,3.5,1656275794,2022-06-26T20:36:34Z
67072,252932,3.0,1656366428,2022-06-27T21:47:08Z
67072,223310,3.0,1660741929,2022-08-17T13:12:09Z
67072,273891,3.0,1678972645,2023-03-16T13:17:25Z
67513,244038,4.5,1616446739,2021-03-22T20:58:59Z
67513,231915,3.5,1617979067,2021-04-09T14:37:47Z
67513,252308,3.5,1629125030,2021-08-16T14:43:50Z
67513,220534,2.5,1645113268,2022-02-17T15:54:28Z
67513,273891,5.0,1660139133,2022-08-10T13:45:33Z
67513,275245,4.0,1662929300,2022-09-11T20:48:20Z
68110,231413,3.5,1626528683,2021-07-17T13:31:23Z
68110,255639,1.5,1629752262,2021-08-23T20:57:42Z
68110,246604,4.0,1639852171,2021-12-18T18:29:31Z
68110,281188,3.5,1682015721,2023-04-20T18:35:21Z
68110,223570,3.5,1691429043,2023-08-07T17:24:03Z
70740,210577,1.5,1607665504,2020-12-11T05:45:04Z
70740,253332,1.5,1632237492,2021-09-21T15:18:12Z
70740,239256,2.0,1645788859,2022-02-25T11:34:19Z
70740,257037,3.5,1650358834,2022-04-19T09:00:34Z
70740,273891,3.5,1667186094,2022-10-31T03:14:54Z
70740,275245,4.0,1668929171,2022-11-20T07:26:11Z
71523,257037,0.5,1657921371,2022-07-15T21:42:51Z
71523,253826,4.0,1657922375,2022-07-15T21:59:35Z
71523,219328,0.5,1657923274,2022-07-15T22:14:34Z
71523,218657,5.0,1657923394,2022-07-15T22:16:34Z
71523,260645,0.5,1657923413,2022-07-15T22:16:53Z
71523,238036,4.0,1657923819,2022-07-15T22:23:39Z
71720,257037,4.5,1655136593,2022-06-13T16:09:53Z
71720,253332,4.0,1655136609,2022-06-13T16:10:09Z
71720,242062,3.5,1655137074,2022-06-13T16:17:54Z
71720,246604,4.5,1655137074,2022-06-13T16:17:54Z
71720,274993,3.5,1655137078,2022-06-13T16:17:58Z
71952,210577,1.5,1582947955,2020-02-29T03:45:55Z
71952,258001,4.0,1650997675,2022-04-26T18:27:55Z
71952,257037,3.5,1650998212,2022-04-26T18:36:52Z
71952,275245,4.5,1660675521,2022-08-16T18:45:21Z
71952,273891,2.0,1660675565,2022-08-16T18:46:05Z
71952,281188,2.5,1683289630,2023-05-05T12:27:10Z
71952,289097,2.0,1695040540,2023-09-18T12:35:40Z
73206,272461,4.0,1648664492,2022-03-30T18:21:32Z
73206,272463,5.0,1648670631,2022-03-30T20:03:51Z
73206,272079,4.5,1665177262,2022-10-07T21:14:22Z
73206,263555,4.5,1669155836,2022-11-22T22:23:56Z
73206,231413,4.5,1669854009,2022-12-01T00:20:09Z
73206,273891,3.0,1669933062,2022-12-01T22:17:42Z
73800,254464,4.5,1660716464,2022-08-17T06:07:44Z
73800,231413,4.0,1660719141,2022-08-17T06:52:21Z
73800,279094,4.5,1663839699,2022-09-22T09:41:39Z
73800,223570,4.0,1673429101,2023-01-11T09:25:01Z
73800,275245,4.0,1684621710,2023-05-20T22:28:30Z
73800,279692,3.5,1686909481,2023-06-16T09:58:01Z
73800,284793,4.0,1692087841,2023-08-15T08:24:01Z
73800,272079,4.0,1692871105,2023-08-24T09:58:25Z
74587,210577,3.5,1643190515,2022-01-26T09:48:35Z
74587,273891,3.5,1687721304,2023-06-25T19:28:24Z
74587,252932,3.5,1687721305,2023-06-25T19:28:25Z
74587,277954,3.0,1687721305,2023-06-25T19:28:25Z
74587,279278,3.0,1687721306,2023-06-25T19:28:26Z
75189,275245,4.0,1670700753,2022-12-10T19:32:33Z
75189,273891,4.5,1670700754,2022-12-10T19:32:34Z
75189,238344,4.0,1670700755,2022-12-10T19:32:35Z
75189,252932,3.5,1670700755,2022-12-10T19:32:35Z
75189,257037,4.0,1670700755,2022-12-10T19:32:35Z
75189,255483,3.0,1670700763,2022-12-10T19:32:43Z
75189,283751,3.5,1677693241,2023-03-01T17:54:01Z
76136,246604,4.5,1641937980,2022-01-11T21:53:00Z
76136,281960,4.5,1675363980,2023-02-02T18:53:00Z
76136,281066,4.0,1675966022,2023-02-09T18:07:02Z
76136,251646,4.5,1678652512,2023-03-12T20:21:52Z
76136,273891,4.5,1690400865,2023-07-26T19:47:45Z
76344,210577,3.0,1623947805,2021-06-17T16:36:45Z
76344,255639,3.0,1629205615,2021-08-17T13:06:55Z
76344,252308,3.0,1629205631,2021-08-17T13:07:11Z
76344,251646,3.5,1629205715,2021-08-17T13:08:35Z
76344,247500,2.5,1633437259,2021-10-05T12:34:19Z
76344,267640,3.5,1642455277,2022-01-17T21:34:37Z
76344,264073,3.5,1642455332,2022-01-17T21:35:32Z
76344,275245,3.5,1668365237,2022-11-13T18:47:17Z
76344,273891,4.0,1668365315,2022-11-13T18:48:35Z
79742,246604,5.0,1648587968,2022-03-29T21:06:08Z
79742,210577,3.5,1648980129,2022-04-03T10:02:09Z
79742,256535,5.0,1652263102,2022-05-11T09:58:22Z
79742,231413,3.0,1652702379,2022-05-16T11:59:39Z
79742,223570,4.5,1658679363,2022-07-24T16:16:03Z
79742,273891,4.0,1660376630,2022-08-13T07:43:50Z
79742,276231,4.5,1668741966,2022-11-18T03:26:06Z
80266,210577,4.0,1594850636,2020-07-15T22:03:56Z
80266,251392,4.0,1622999263,2021-06-06T17:07:43Z
80266,219328,2.0,1624691661,2021-06-26T07:14:21Z
80266,242062,4.0,1624967637,2021-06-29T11:53:57Z
80266,247370,4.0,1625230539,2021-07-02T12:55:39Z
80266,252660,4.0,1626134612,2021-07-13T00:03:32Z
80266,254500,4.0,1628895412,2021-08-13T22:56:52Z
80266,258353,3.5,1630428395,2021-08-31T16:46:35Z
80266,246604,5.0,1631409113,2021-09-12T01:11:53Z
80266,231413,4.5,1631923979,2021-09-18T00:12:59Z
80266,254464,3.0,1644625258,2022-02-12T00:20:58Z
80266,273807,3.5,1650837976,2022-04-24T22:06:16Z
81267,210577,3.5,1613854029,2021-02-20T20:47:09Z
81267,257037,4.0,1646519990,2022-03-05T22:39:50Z
81267,273891,3.5,1671331706,2022-12-18T02:48:26Z
81267,275245,3.5,1671331754,2022-12-18T02:49:14Z
81267,289097,3.0,1693363025,2023-08-30T02:37:05Z
82050,210577,1.0,1590288621,2020-05-24T02:50:21Z
82050,230703,0.5,1660944995,2022-08-19T21:36:35Z
82050,271160,0.5,1661713404,2022-08-28T19:03:24Z
82050,275245,4.0,1666924934,2022-10-28T02:42:14Z
82050,273891,5.0,1679152197,2023-03-18T15:09:57Z
82151,210577,3.0,1651487504,2022-05-02T10:31:44Z
82151,246604,4.0,1653862439,2022-05-29T22:13:59Z
82151,279452,2.5,1665567066,2022-10-12T09:31:06Z
82151,273891,2.5,1667354781,2022-11-02T02:06:21Z
82151,257037,4.0,1671610610,2022-12-21T08:16:50Z
83924,218657,3.5,1592549214,2020-06-19T06:46:54Z
83924,223310,3.5,1641012388,2022-01-01T04:46:28Z
83924,229147,4.0,1645483605,2022-02-21T22:46:45Z
83924,258001,3.5,1656278387,2022-06-26T21:19:47Z
83924,242062,3.5,1677396644,2023-02-26T07:30:44Z
83924,275245,3.5,1679446332,2023-03-22T00:52:12Z
83924,253332,2.0,1688067092,2023-06-29T19:31:32Z
83924,260185,3.5,1692599942,2023-08-21T06:39:02Z
85103,218657,3.5,1640385609,2021-12-24T22:40:09Z
85103,238036,2.5,1640385610,2021-12-24T22:40:10Z
85103,258157,4.0,1640385611,2021-12-24T22:40:11Z
85103,210577,3.0,1640385615,2021-12-24T22:40:15Z
85103,244120,4.5,1640777859,2021-12-29T11:37:39Z
85103,265114,4.0,1640777859,2021-12-29T11:37:39Z
85714,210577,2.5,1588564292,2020-05-04T03:51:32Z
85714,256535,4.0,1651764487,2022-05-05T15:28:07Z
85714,275245,3.5,1661614665,2022-08-27T15:37:45Z
85714,258579,2.5,1661616303,2022-08-27T16:05:03Z
85714,273891,5.0,1661616398,2022-08-27T16:06:38Z
85714,259737,4.0,1661616424,2022-08-27T16:07:04Z
85714,281188,3.5,1682498272,2023-04-26T08:37:52Z
85714,289097,3.0,1696897190,2023-10-10T00:19:50Z
87222,210577,3.0,1585536663,2020-03-30T02:51:03Z
87222,231413,3.0,1627478166,2021-07-28T13:16:06Z
87222,275245,3.5,1663043163,2022-09-13T04:26:03Z
87222,273891,3.0,1664761047,2022-10-03T01:37:27Z
87222,272079,3.5,1678803565,2023-03-14T14:19:25Z
87324,231413,2.5,1672171641,2022-12-27T20:07:21Z
87324,275245,3.0,1672171641,2022-12-27T20:07:21Z
87324,273891,3.0,1672171646,2022-12-27T20:07:26Z
87324,263555,2.5,1672171647,2022-12-27T20:07:27Z
87324,242062,3.0,1672171648,2022-12-27T20:07:28Z
87324,257037,2.5,1672171648,2022-12-27T20:07:28Z
87324,258001,3.5,1672171648,2022-12-27T20:07:28Z
87324,274993,3.5,1672171657,2022-12-27T20:07:37Z
87324,210577,2.5,1672171660,2022-12-27T20:07:40Z
87324,260825,3.5,1672171680,2022-12-27T20:08:00Z
87324,272079,3.5,1675110511,2023-01-30T20:28:31Z
88456,273891,2.0,1669704067,2022-11-29T06:41:07Z
88456,275245,4.0,1669879743,2022-12-01T07:29:03Z
88456,278428,2.5,1670073935,2022-12-03T13:25:35Z
88456,265114,3.5,1670513892,2022-12-08T15:38:12Z
88456,267640,4.0,1670597048,2022-12-09T14:44:08Z
88574,238036,2.5,1665910634,2022-10-16T08:57:14Z
88574,253826,3.0,1665910634,2022-10-16T08:57:14Z
88574,273891,3.5,1665910634,2022-10-16T08:57:14Z
88574,252932,3.5,1665910635,2022-10-16T08:57:15Z
88574,275651,3.0,1665910635,2022-10-16T08:57:15Z
88574,210577,2.5,1665910643,2022-10-16T08:57:23Z
88812,257037,4.5,1650134733,2022-04-16T18:45:33Z
88812,223310,4.0,1650137248,2022-04-16T19:27:28Z
88812,275245,3.0,1658503715,2022-07-22T15:28:35Z
88812,281188,3.5,1681600334,2023-04-15T23:12:14Z
88812,288807,4.5,1694537499,2023-09-12T16:51:39Z
92616,210577,3.5,1581717745,2020-02-14T22:02:25Z
92616,231413,4.0,1622235856,2021-05-28T21:04:16Z
92616,273891,3.5,1659813326,2022-08-06T19:15:26Z
92616,275245,3.0,1660408610,2022-08-13T16:36:50Z
92616,276231,3.5,1660849159,2022-08-18T18:59:19Z
92616,284377,3.5,1695332408,2023-09-21T21:40:08Z
92616,288209,3.0,1696086321,2023-09-30T15:05:21Z
93211,210577,3.0,1586665991,2020-04-12T04:33:11Z
93211,253332,2.0,1630362170,2021-08-30T22:22:50Z
93211,257037,3.5,1647381571,2022-03-15T21:59:31Z
93211,275245,3.0,1659057412,2022-07-29T01:16:52Z
93211,273891,4.0,1665519168,2022-10-11T20:12:48Z
93211,242062,2.5,1686971866,2023-06-17T03:17:46Z
94272,218657,2.5,1632601352,2021-09-25T20:22:32Z
94272,238036,2.5,1632601356,2021-09-25T20:22:36Z
94272,210577,4.0,1632601394,2021-09-25T20:23:14Z
94272,239256,3.0,1632601409,2021-09-25T20:23:29Z
94272,227835,3.0,1632601422,2021-09-25T20:23:42Z
95567,210577,3.0,1599157561,2020-09-03T18:26:01Z
95567,231413,3.0,1632357180,2021-09-23T00:33:00Z
95567,262863,3.5,1640053921,2021-12-21T02:32:01Z
95567,263555,3.5,1664571164,2022-09-30T20:52:44Z
95567,276231,3.0,1682622653,2023-04-27T19:10:53Z
95987,218657,4.0,1609115184,2020-12-28T00:26:24Z
95987,210577,2.0,1613927177,2021-02-21T17:06:17Z
95987,253332,4.0,1640575907,2021-12-27T03:31:47Z
95987,257037,5.0,1645926973,2022-02-27T01:56:13Z
95987,242062,4.0,1645926982,2022-02-27T01:56:22Z
95987,270762,2.5,1653869336,2022-05-30T00:08:56Z
95987,275245,4.5,1661478632,2022-08-26T01:50:32Z
95987,273891,2.5,1666223994,2022-10-19T23:59:54Z
95987,259737,4.0,1680477754,2023-04-02T23:22:34Z
98335,210577,3.0,1583172729,2020-03-02T18:12:09Z
98335,260185,3.0,1634689642,2021-10-20T00:27:22Z
98335,252932,3.5,1645649204,2022-02-23T20:46:44Z
98335,257037,4.0,1648161560,2022-03-24T22:39:20Z
98335,236121,3.5,1649980635,2022-04-14T23:57:15Z
98335,273891,3.5,1659981523,2022-08-08T17:58:43Z
98335,275245,3.5,1661553174,2022-08-26T22:32:54Z
98335,281188,3.5,1682375033,2023-04-24T22:23:53Z
98335,283149,3.5,1691700142,2023-08-10T20:42:22Z
98335,289097,3.0,1693348670,2023-08-29T22:37:50Z
98335,268322,3.5,1694455721,2023-09-11T18:08:41Z
99562,285607,4.0,1679522849,2023-03-22T22:07:29Z
99562,272555,4.0,1679522993,2023-03-22T22:09:53Z
99562,276231,4.0,1679523008,2023-03-22T22:10:08Z
99562,275245,4.0,1679523767,2023-03-22T22:22:47Z
99562,281342,4.0,1679523802,2023-03-22T22:23:22Z
99562,273891,4.5,1679524188,2023-03-22T22:29:48Z
102585,246604,3.0,1652202852,2022-05-10T17:14:12Z
102585,223570,2.5,1668249571,2022-11-12T10:39:31Z
102585,272079,2.0,1682610081,2023-04-27T15:41:21Z
102585,273891,2.5,1682610690,2023-04-27T15:51:30Z
102585,288807,3.5,1696315941,2023-10-03T06:52:21Z
103925,253332,0.5,1630302770,2021-08-30T05:52:50Z
103925,239256,0.5,1644386136,2022-02-09T05:55:36Z
103925,258001,5.0,1668060433,2022-11-10T06:07:13Z
103925,273891,5.0,1678701362,2023-03-13T09:56:02Z
103925,289097,5.0,1691633806,2023-08-10T02:16:46Z
104959,224845,3.0,1681323805,2023-04-12T18:23:25Z
104959,275245,2.0,1681323805,2023-04-12T18:23:25Z
104959,255639,3.0,1681323806,2023-04-12T18:23:26Z
104959,273891,3.5,1681323807,2023-04-12T18:23:27Z
104959,239256,2.0,1681323822,2023-04-12T18:23:42Z
105398,224845,3.5,1614615607,2021-03-01T16:20:07Z
105398,231413,4.0,1635713079,2021-10-31T20:44:39Z
105398,249180,4.5,1636829988,2021-11-13T18:59:48Z
105398,210577,3.5,1655450520,2022-06-17T07:22:00Z
105398,273891,3.5,1666444032,2022-10-22T13:07:12Z
105648,223310,3.5,1638385712,2021-12-01T19:08:32Z
105648,257037,4.5,1645500469,2022-02-22T03:27:49Z
105648,260645,2.5,1649098004,2022-04-04T18:46:44Z
105648,258001,3.5,1658377933,2022-07-21T04:32:13Z
105648,275245,4.0,1661570768,2022-08-27T03:26:08Z
105648,273891,2.5,1664735347,2022-10-02T18:29:07Z
105648,279452,3.0,1670177987,2022-12-04T18:19:47Z
105648,282941,3.0,1674420124,2023-01-22T20:42:04Z
105648,281188,3.5,1682147405,2023-04-22T07:10:05Z
105648,231413,3.5,1694921158,2023-09-17T03:25:58Z
105648,278428,3.0,1696179644,2023-10-01T17:00:44Z
105648,255639,2.5,1696471830,2023-10-05T02:10:30Z
105648,252308,3.0,1696471832,2023-10-05T02:10:32Z
106357,216511,2.5,1589115255,2020-05-10T12:54:15Z
106357,218657,1.0,1604232006,2020-11-01T12:00:06Z
106357,272555,1.0,1674259006,2023-01-20T23:56:46Z
106357,273891,3.5,1678579047,2023-03-11T23:57:27Z
106357,284377,4.0,1680545369,2023-04-03T18:09:29Z
106357,272079,4.0,1680545694,2023-04-03T18:14:54Z
106357,281188,4.5,1685953777,2023-06-05T08:29:37Z
108412,210577,1.0,1673726633,2023-01-14T20:03:53Z
108412,275245,5.0,1673734550,2023-01-14T22:15:50Z
108412,218657,0.5,1673836487,2023-01-16T02:34:47Z
108412,252932,0.5,1673839885,2023-01-16T03:31:25Z
108412,272079,0.5,1673911853,2023-01-16T23:30:53Z
108412,223570,0.5,1673927816,2023-01-17T03:56:56Z
108412,238036,0.5,1673928747,2023-01-17T04:12:27Z
108412,252308,0.5,1673929465,2023-01-17T04:24:25Z
108412,283751,4.5,1680658443,2023-04-05T01:34:03Z
108488,273891,3.5,1666462371,2022-10-22T18:12:51Z
108488,275245,3.0,1671295899,2022-12-17T16:51:39Z
108488,252932,4.0,1671295900,2022-12-17T16:51:40Z
108488,281188,4.0,1687542790,2023-06-23T17:53:10Z
108488,218657,3.5,1695401049,2023-09-22T16:44:09Z
110462,231413,3.0,1620424902,2021-05-07T22:01:42Z
110462,218657,3.0,1620424903,2021-05-07T22:01:43Z
110462,223310,3.5,1620424903,2021-05-07T22:01:43Z
110462,238344,4.0,1620424903,2021-05-07T22:01:43Z
110462,254464,3.5,1635275973,2021-10-26T19:19:33Z
110462,258157,2.5,1635275973,2021-10-26T19:19:33Z
110462,259319,3.0,1635275973,2021-10-26T19:19:33Z
110754,257037,0.5,1650719249,2022-04-23T13:07:29Z
110754,239256,0.5,1651617010,2022-05-03T22:30:10Z
110754,252308,0.5,1674234911,2023-01-20T17:15:11Z
110754,272079,0.5,1674234912,2023-01-20T17:15:12Z
110754,223570,0.5,1674234919,2023-01-20T17:15:19Z
112199,210577,3.0,1642556369,2022-01-19T01:39:29Z
112199,257037,4.0,1648246700,2022-03-25T22:18:20Z
112199,275245,4.0,1670897122,2022-12-13T02:05:22Z
112199,273891,3.0,1674288198,2023-01-21T08:03:18Z
112199,281188,4.0,1683162858,2023-05-04T01:14:18Z
113654,262529,2.5,1636992581,2021-11-15T16:09:41Z
113654,210577,3.0,1644961306,2022-02-15T21:41:46Z
113654,257037,3.0,1646670024,2022-03-07T16:20:24Z
113654,275245,2.5,1669052858,2022-11-21T17:47:38Z
113654,273891,3.5,1670257037,2022-12-05T16:17:17Z
115748,226082,2.5,1648269317,2022-03-26T04:35:17Z
115748,257037,3.0,1651410749,2022-05-01T13:12:29Z
115748,275245,3.5,1661738974,2022-08-29T02:09:34Z
115748,258579,3.5,1667793248,2022-11-07T03:54:08Z
115748,273891,3.5,1672027906,2022-12-26T04:11:46Z
115748,289563,3.5,1691341926,2023-08-06T17:12:06Z
115861,246604,3.5,1632256618,2021-09-21T20:36:58Z
115861,269796,3.0,1643818271,2022-02-02T16:11:11Z
115861,258001,4.0,1647377157,2022-03-15T20:45:57Z
115861,275245,4.5,1672868265,2023-01-04T21:37:45Z
115861,274993,3.5,1693949647,2023-09-05T21:34:07Z
116198,276231,4.0,1690373032,2023-07-26T12:03:52Z
116198,210577,4.0,1690373139,2023-07-26T12:05:39Z
116198,273033,4.0,1690454400,2023-07-27T10:40:00Z
116198,269766,3.5,1690596595,2023-07-29T02:09:55Z
116198,238036,3.5,1690596633,2023-07-29T02:10:33Z
116930,238344,5.0,1614057469,2021-02-23T05:17:49Z
116930,242404,2.5,1618534590,2021-04-16T00:56:30Z
116930,210577,3.0,1623121721,2021-06-08T03:08:41Z
116930,253268,5.0,1625976464,2021-07-11T04:07:44Z
116930,232365,3.0,1628789475,2021-08-12T17:31:15Z
116930,265822,4.0,1640551070,2021-12-26T20:37:50Z
117151,210577,3.0,1592762078,2020-06-21T17:54:38Z
117151,218657,2.5,1605989254,2020-11-21T20:07:34Z
117151,273891,3.5,1669052808,2022-11-21T17:46:48Z
117151,272555,3.5,1678904902,2023-03-15T18:28:22Z
117151,266320,4.0,1696367738,2023-10-03T21:15:38Z
117579,224841,4.0,1600970994,2020-09-24T18:09:54Z
117579,246604,4.0,1628995729,2021-08-15T02:48:49Z
117579,239256,2.5,1632623463,2021-09-26T02:31:03Z
117579,251520,3.0,1640052213,2021-12-21T02:03:33Z
117579,252932,3.5,1642295311,2022-01-16T01:08:31Z
117579,257037,3.5,1645665792,2022-02-24T01:23:12Z
117579,210577,3.0,1649632439,2022-04-10T23:13:59Z
117579,275245,3.5,1660703977,2022-08-17T02:39:37Z
117579,281188,3.5,1681958088,2023-04-20T02:34:48Z
117613,236121,1.0,1616384418,2021-03-22T03:40:18Z
117613,253332,2.0,1639273561,2021-12-12T01:46:01Z
117613,257037,3.5,1646620332,2022-03-07T02:32:12Z
117613,275245,3.0,1661304801,2022-08-24T01:33:21Z
117613,287743,3.0,1697012996,2023-10-11T08:29:56Z
119247,210577,2.0,1584191398,2020-03-14T13:09:58Z
119247,219328,1.0,1621612329,2021-05-21T15:52:09Z
119247,253332,1.0,1632049622,2021-09-19T11:07:02Z
119247,231413,5.0,1635758554,2021-11-01T09:22:34Z
119247,275245,1.0,1663687505,2022-09-20T15:25:05Z
119247,273891,5.0,1666471521,2022-10-22T20:45:21Z
119247,258001,2.0,1674958996,2023-01-29T02:23:16Z
120080,262529,2.5,1652827302,2022-05-17T22:41:42Z
120080,262113,2.0,1652827307,2022-05-17T22:41:47Z
120080,246604,3.0,1652827316,2022-05-17T22:41:56Z
120080,210577,3.0,1652827324,2022-05-17T22:42:04Z
120080,253332,3.0,1652827332,2022-05-17T22:42:12Z
120080,239256,1.5,1652827333,2022-05-17T22:42:13Z
122411,253332,3.5,1627329666,2021-07-26T20:01:06Z
122411,223310,3.5,1639337011,2021-12-12T19:23:31Z
122411,238346,2.5,1647288907,2022-03-14T20:15:07Z
122411,232365,3.5,1652546880,2022-05-14T16:48:00Z
122411,275245,4.0,1663744205,2022-09-21T07:10:05Z
123263,283751,3.5,1686528214,2023-06-12T00:03:34Z
123263,285607,5.0,1686528279,2023-06-12T00:04:39Z
123263,273891,4.0,1686528498,2023-06-12T00:08:18Z
123263,256535,3.5,1686528555,2023-06-12T00:09:15Z
123263,223570,4.0,1686528580,2023-06-12T00:09:40Z
123263,249182,3.5,1686528830,2023-06-12T00:13:50Z
123263,239256,3.5,1686528850,2023-06-12T00:14:10Z
123807,231413,5.0,1630988317,2021-09-07T04:18:37Z
123807,223570,4.0,1630988414,2021-09-07T04:20:14Z
123807,218657,3.0,1630988535,2021-09-07T04:22:15Z
123807,238036,3.0,1630988572,2021-09-07T04:22:52Z
123807,279692,5.0,1675484484,2023-02-04T04:21:24Z
123807,272079,4.0,1675485294,2023-02-04T04:34:54Z
123807,252932,4.5,1675485421,2023-02-04T04:37:01Z
124401,231413,4.0,1621916631,2021-05-25T04:23:51Z
124401,246604,2.5,1629950215,2021-08-26T03:56:55Z
124401,257037,4.5,1650257134,2022-04-18T04:45:34Z
124401,223310,3.0,1657593992,2022-07-12T02:46:32Z
124401,271653,3.5,1658201230,2022-07-19T03:27:10Z
124401,242062,4.0,1658629351,2022-07-24T02:22:31Z
124401,275245,4.0,1662347026,2022-09-05T03:03:46Z
124401,273891,4.0,1669955578,2022-12-02T04:32:58Z
124401,258001,4.5,1672895915,2023-01-05T05:18:35Z
124401,279088,2.0,1685584997,2023-06-01T02:03:17Z
124401,224845,3.5,1696123745,2023-10-01T01:29:05Z
125138,251646,2.5,1635288703,2021-10-26T22:51:43Z
125138,264073,2.0,1638024195,2021-11-27T14:43:15Z
125138,272555,3.5,1658937972,2022-07-27T16:06:12Z
125138,230703,2.5,1659903919,2022-08-07T20:25:19Z
125138,267548,2.5,1691786099,2023-08-11T20:34:59Z
127521,218657,3.5,1695087788,2023-09-19T01:43:08Z
127521,256535,3.5,1695087790,2023-09-19T01:43:10Z
127521,273891,4.0,1695087790,2023-09-19T01:43:10Z
127521,279094,3.0,1695087794,2023-09-19T01:43:14Z
127521,283751,2.0,1695087800,2023-09-19T01:43:20Z
127521,289097,2.0,1695087818,2023-09-19T01:43:38Z
127521,249180,1.5,1695087840,2023-09-19T01:44:00Z
127637,257037,4.5,1668295953,2022-11-12T23:32:33Z
127637,253332,5.0,1668298268,2022-11-13T00:11:08Z
127637,275245,3.5,1668299076,2022-11-13T00:24:36Z
127637,273891,2.0,1669403221,2022-11-25T19:07:01Z
127637,242062,4.0,1675027108,2023-01-29T21:18:28Z
129705,253332,2.0,1647958574,2022-03-22T14:16:14Z
129705,258001,3.5,1669730702,2022-11-29T14:05:02Z
129705,257037,4.0,1669730703,2022-11-29T14:05:03Z
129705,273891,3.5,1673611968,2023-01-13T12:12:48Z
129705,252932,2.0,1677436730,2023-02-26T18:38:50Z
129705,242404,1.5,1681797115,2023-04-18T05:51:55Z
129705,275245,5.0,1681797115,2023-04-18T05:51:55Z
129909,242404,3.0,1615221839,2021-03-08T16:43:59Z
129909,246604,2.0,1629463629,2021-08-20T12:47:09Z
129909,238036,1.5,1630849990,2021-09-05T13:53:10Z
129909,258001,3.0,1667749485,2022-11-06T15:44:45Z
129909,273891,2.0,1668834034,2022-11-19T05:00:34Z
129909,275245,5.0,1685868476,2023-06-04T08:47:56Z
129909,281188,4.0,1688586420,2023-07-05T19:47:00Z
130496,273891,3.0,1682924082,2023-05-01T06:54:42Z
130496,275245,3.5,1682991478,2023-05-02T01:37:58Z
130496,257037,3.0,1683051467,2023-05-02T18:17:47Z
130496,231413,4.5,1683608484,2023-05-09T05:01:24Z
130496,210577,3.0,1683608570,2023-05-09T05:02:50Z
130496,272079,4.0,1683608688,2023-05-09T05:04:48Z
130496,246604,3.0,1683608854,2023-05-09T05:07:34Z
131523,210577,3.5,1610352686,2021-01-11T08:11:26Z
131523,257037,2.0,1647886889,2022-03-21T18:21:29Z
131523,273891,3.5,1664414153,2022-09-29T01:15:53Z
131523,252932,3.0,1680192544,2023-03-30T16:09:04Z
131523,275245,4.0,1681023172,2023-04-09T06:52:52Z
132839,210577,1.5,1586721722,2020-04-12T20:02:02Z
132839,231413,0.5,1637481046,2021-11-21T07:50:46Z
132839,257037,3.0,1650014537,2022-04-15T09:22:17Z
132839,273891,4.0,1690187094,2023-07-24T08:24:54Z
132839,281188,2.0,1690187299,2023-07-24T08:28:19Z
135553,253332,2.0,1640427767,2021-12-25T10:22:47Z
135553,257037,3.5,1643073585,2022-01-25T01:19:45Z
135553,223310,2.5,1647823411,2022-03-21T00:43:31Z
135553,242062,3.5,1659200601,2022-07-30T17:03:21Z
135553,273891,2.5,1660609329,2022-08-16T00:22:09Z
135553,281188,3.5,1677271023,2023-02-24T20:37:03Z
135553,258001,3.0,1693976602,2023-09-06T05:03:22Z
136791,210577,3.5,1592596999,2020-06-19T20:03:19Z
136791,257037,4.0,1648428031,2022-03-28T00:40:31Z
136791,273891,3.5,1664742974,2022-10-02T20:36:14Z
136791,275245,3.5,1669759739,2022-11-29T22:08:59Z
136791,289097,4.0,1696629154,2023-10-06T21:52:34Z
138789,279094,4.5,1666574265,2022-10-24T01:17:45Z
138789,252932,4.5,1666574321,2022-10-24T01:18:41Z
138789,246604,5.0,1666574414,2022-10-24T01:20:14Z
138789,251520,4.5,1666574440,2022-10-24T01:20:40Z
138789,266320,4.5,1669422397,2022-11-26T00:26:37Z
138789,281188,5.0,1696955128,2023-10-10T16:25:28Z
138789,278742,4.5,1696955382,2023-10-10T16:29:42Z
139018,238036,2.0,1640820408,2021-12-29T23:26:48Z
139018,265114,2.0,1640820409,2021-12-29T23:26:49Z
139018,210577,2.0,1640820435,2021-12-29T23:27:15Z
139018,224841,3.5,1640820447,2021-12-29T23:27:27Z
139018,253332,2.0,1640820451,2021-12-29T23:27:31Z
139018,239256,2.5,1640820452,2021-12-29T23:27:32Z
139055,275245,4.0,1667237472,2022-10-31T17:31:12Z
139055,277778,3.0,1674571615,2023-01-24T14:46:55Z
139055,281188,4.0,1681913703,2023-04-19T14:15:03Z
139055,286955,3.5,1683044281,2023-05-02T16:18:01Z
139055,287737,4.5,1695137798,2023-09-19T15:36:38Z
139369,218657,1.5,1618868474,2021-04-19T21:41:14Z
139369,254464,4.0,1637362630,2021-11-19T22:57:10Z
139369,276581,3.0,1657638559,2022-07-12T15:09:19Z
139369,270762,3.5,1658866551,2022-07-26T20:15:51Z
139369,272555,3.0,1659966986,2022-08-08T13:56:26Z
139369,273891,4.0,1668350634,2022-11-13T14:43:54Z
139369,281066,2.5,1687141919,2023-06-19T02:31:59Z
139369,290787,3.5,1694964556,2023-09-17T15:29:16Z
140752,275245,3.0,1672847349,2023-01-04T15:49:09Z
140752,274487,4.0,1672847350,2023-01-04T15:49:10Z
140752,238344,4.0,1672847353,2023-01-04T15:49:13Z
140752,254500,3.5,1672847354,2023-01-04T15:49:14Z
140752,257037,4.5,1672847354,2023-01-04T15:49:14Z
140752,258969,3.5,1672847354,2023-01-04T15:49:14Z
140752,261253,4.0,1672847355,2023-01-04T15:49:15Z
143109,210577,3.0,1594197232,2020-07-08T08:33:52Z
143109,231413,3.5,1624473290,2021-06-23T18:34:50Z
143109,253332,4.5,1631298028,2021-09-10T18:20:28Z
143109,257037,4.0,1658677417,2022-07-24T15:43:37Z
143109,275245,2.0,1662815825,2022-09-10T13:17:05Z
143109,289097,3.5,1696351208,2023-10-03T16:40:08Z
144480,210577,3.0,1598060188,2020-08-22T01:36:28Z
144480,275245,4.0,1666256780,2022-10-20T09:06:20Z
144480,272079,4.0,1666559837,2022-10-23T21:17:17Z
144480,263555,5.0,1667101312,2022-10-30T03:41:52Z
144480,273891,3.0,1668139344,2022-11-11T04:02:24Z
144480,276231,2.5,1668717477,2022-11-17T20:37:57Z
145705,257037,5.0,1644408392,2022-02-09T12:06:32Z
145705,242062,4.5,1656422237,2022-06-28T13:17:17Z
145705,275245,4.5,1661616582,2022-08-27T16:09:42Z
145705,239256,1.5,1683564153,2023-05-08T16:42:33Z
145705,278746,3.5,1687944579,2023-06-28T09:29:39Z
149475,253332,3.5,1634565843,2021-10-18T14:04:03Z
149475,275245,3.5,1670864666,2022-12-12T17:04:26Z
149475,273891,3.0,1680403557,2023-04-02T02:45:57Z
149475,257037,3.5,1682695943,2023-04-28T15:32:23Z
149475,242062,3.5,1682727693,2023-04-29T00:21:33Z
149475,281188,3.0,1682791868,2023-04-29T18:11:08Z
150442,255639,4.0,1642552938,2022-01-19T00:42:18Z
150442,252308,3.0,1642552961,2022-01-19T00:42:41Z
150442,228401,1.5,1642553080,2022-01-19T00:44:40Z
150442,223570,2.5,1642555496,2022-01-19T01:24:56Z
150442,279452,3.0,1693169843,2023-08-27T20:57:23Z
150534,218657,3.5,1636435756,2021-11-09T05:29:16Z
150534,254464,4.0,1650164689,2022-04-17T03:04:49Z
150534,273891,3.5,1668739524,2022-11-18T02:45:24Z
150534,231413,4.0,1669037132,2022-11-21T13:25:32Z
150534,272079,3.5,1686781780,2023-06-14T22:29:40Z
152433,279692,4.5,1674004493,2023-01-18T01:14:53Z
152433,246604,4.0,1674443082,2023-01-23T03:04:42Z
152433,276231,4.0,1674518126,2023-01-23T23:55:26Z
152433,210577,3.5,1674703494,2023-01-26T03:24:54Z
152433,282901,4.0,1688170971,2023-07-01T00:22:51Z
152604,231413,4.5,1678327287,2023-03-09T02:01:27Z
152604,249180,4.5,1678327399,2023-03-09T02:03:19Z
152604,253826,2.0,1678327499,2023-03-09T02:04:59Z
152604,279692,1.5,1678938004,2023-03-16T03:40:04Z
152604,263555,2.5,1682164421,2023-04-22T11:53:41Z
152604,284793,3.5,1682164443,2023-04-22T11:54:03Z
152604,272079,3.5,1682164471,2023-04-22T11:54:31Z
152604,281188,3.5,1682425232,2023-04-25T12:20:32Z
156934,246604,4.5,1649890136,2022-04-13T22:48:56Z
156934,231413,5.0,1649890155,2022-04-13T22:49:15Z
156934,249180,4.5,1649890203,2022-04-13T22:50:03Z
156934,247464,4.0,1649890553,2022-04-13T22:55:53Z
156934,272079,5.0,1649893046,2022-04-13T23:37:26Z
157004,247500,3.5,1622609554,2021-06-02T04:52:34Z
157004,230703,3.0,1629427922,2021-08-20T02:52:02Z
157004,271224,3.5,1646039885,2022-02-28T09:18:05Z
157004,227835,3.5,1653898329,2022-05-30T08:12:09Z
157004,273891,3.5,1673668305,2023-01-14T03:51:45Z
159663,210577,2.5,1591553161,2020-06-07T18:06:01Z
159663,257037,1.0,1656454029,2022-06-28T22:07:09Z
159663,270762,2.5,1658866483,2022-07-26T20:14:43Z
159663,275245,2.0,1662850261,2022-09-10T22:51:01Z
159663,273891,4.0,1668355184,2022-11-13T15:59:44Z
159663,258001,2.0,1680462844,2023-04-02T19:14:04Z
159663,281066,3.0,1687183943,2023-06-19T14:12:23Z
159663,290787,3.5,1694964601,2023-09-17T15:30:01Z
161949,269766,5.0,1645489258,2022-02-22T00:20:58Z
161949,210577,4.0,1645910237,2022-02-26T21:17:17Z
161949,273891,4.0,1659899826,2022-08-07T19:17:06Z
161949,239256,3.5,1669587441,2022-11-27T22:17:21Z
161949,275245,4.5,1672786948,2023-01-03T23:02:28Z
161949,279452,3.5,1684019804,2023-05-13T23:16:44Z
163298,258157,2.0,1630271833,2021-08-29T21:17:13Z
163298,253332,2.5,1640876804,2021-12-30T15:06:44Z
163298,257037,3.0,1647204114,2022-03-13T20:41:54Z
163298,242062,2.5,1647742887,2022-03-20T02:21:27Z
163298,258001,3.0,1648956605,2022-04-03T03:30:05Z
163298,275245,3.0,1675621849,2023-02-05T18:30:49Z
163298,260825,3.0,1676162188,2023-02-12T00:36:28Z
164988,210577,3.0,1602957463,2020-10-17T17:57:43Z
164988,218657,4.0,1607890627,2020-12-13T20:17:07Z
164988,253508,3.5,1634323614,2021-10-15T18:46:54Z
164988,264073,2.0,1636835573,2021-11-13T20:32:53Z
164988,238036,2.5,1639511626,2021-12-14T19:53:46Z
164988,253826,4.0,1645131777,2022-02-17T21:02:57Z
164988,270762,4.0,1645377278,2022-02-20T17:14:38Z
164988,273891,3.5,1670763886,2022-12-11T13:04:46Z
164988,289097,4.0,1692781213,2023-08-23T09:00:13Z
165364,276231,2.0,1656286475,2022-06-26T23:34:35Z
165364,258001,2.5,1657163519,2022-07-07T03:11:59Z
165364,210577,1.5,1657925283,2022-07-15T22:48:03Z
165364,238036,2.5,1659756819,2022-08-06T03:33:39Z
165364,257037,2.5,1660175430,2022-08-10T23:50:30Z
165364,277778,0.5,1661064853,2022-08-21T06:54:13Z
165364,278698,3.0,1662945277,2022-09-12T01:14:37Z
165364,272079,4.0,1663372665,2022-09-16T23:57:45Z
165364,231413,4.0,1663372721,2022-09-16T23:58:41Z
165364,273891,4.5,1664335008,2022-09-28T03:16:48Z
165364,270528,3.0,1671236296,2022-12-17T00:18:16Z
165364,279436,1.5,1685241598,2023-05-28T02:39:58Z
165364,281188,3.0,1694462839,2023-09-11T20:07:19Z
165364,289097,3.0,1694819711,2023-09-15T23:15:11Z
165364,290195,1.0,1695773053,2023-09-27T00:04:13Z
165364,275245,3.0,1695854536,2023-09-27T22:42:16Z
166007,210577,3.0,1668081952,2022-11-10T12:05:52Z
166007,275245,0.5,1668081997,2022-11-10T12:06:37Z
166007,273891,3.0,1668082025,2022-11-10T12:07:05Z
166007,239256,3.0,1668082769,2022-11-10T12:19:29Z
166007,250832,5.0,1668082991,2022-11-10T12:23:11Z
166007,276231,5.0,1668083953,2022-11-10T12:39:13Z
166007,262529,3.0,1668084048,2022-11-10T12:40:48Z
167083,231413,4.0,1652016219,2022-05-08T13:23:39Z
167083,259871,3.5,1652016219,2022-05-08T13:23:39Z
167083,218657,4.5,1652016220,2022-05-08T13:23:40Z
167083,252932,3.5,1652016220,2022-05-08T13:23:40Z
167083,253826,4.5,1652016220,2022-05-08T13:23:40Z
167083,249180,5.0,1652016222,2022-05-08T13:23:42Z
167846,246604,3.0,1639503254,2021-12-14T17:34:14Z
167846,275245,4.0,1662614770,2022-09-08T05:26:10Z
167846,271160,3.0,1664686210,2022-10-02T04:50:10Z
167846,273891,4.0,1670651571,2022-12-10T05:52:51Z
167846,247500,4.0,1686575191,2023-06-12T13:06:31Z
169431,257037,5.0,1642370038,2022-01-16T21:53:58Z
169431,210577,2.5,1659469796,2022-08-02T19:49:56Z
169431,275245,3.0,1664503349,2022-09-30T02:02:29Z
169431,291817,4.0,1696058342,2023-09-30T07:19:02Z
169431,288807,4.0,1696482915,2023-10-05T05:15:15Z
169810,218657,3.0,1593461259,2020-06-29T20:07:39Z
169810,210577,2.5,1620502833,2021-05-08T19:40:33Z
169810,247500,3.0,1632068822,2021-09-19T16:27:02Z
169810,257037,3.5,1668966555,2022-11-20T17:49:15Z
169810,273891,3.0,1690744327,2023-07-30T19:12:07Z
170367,253332,4.0,1633213523,2021-10-02T22:25:23Z
170367,258001,4.0,1648329744,2022-03-26T21:22:24Z
170367,257037,3.5,1656262105,2022-06-26T16:48:25Z
170367,275245,3.5,1662207428,2022-09-03T12:17:08Z
170367,273891,4.0,1673095977,2023-01-07T12:52:57Z
171903,242116,4.0,1631501278,2021-09-13T02:47:58Z
171903,216511,3.0,1631501279,2021-09-13T02:47:59Z
171903,218657,3.5,1631501279,2021-09-13T02:47:59Z
171903,238036,3.0,1631501279,2021-09-13T02:47:59Z
171903,242404,4.5,1694299943,2023-09-09T22:52:23Z
171903,275245,4.0,1694299943,2023-09-09T22:52:23Z
171903,252932,4.0,1694299944,2023-09-09T22:52:24Z
171903,276231,3.0,1694299944,2023-09-09T22:52:24Z
171903,246604,4.5,1694299946,2023-09-09T22:52:26Z
171903,289097,3.5,1694299947,2023-09-09T22:52:27Z
173499,210577,3.5,1668932182,2022-11-20T08:16:22Z
173499,273891,1.5,1668984107,2022-11-20T22:41:47Z
173499,275245,1.5,1671492918,2022-12-19T23:35:18Z
173499,288769,3.0,1689567511,2023-07-17T04:18:31Z
173499,283149,3.0,1690772072,2023-07-31T02:54:32Z
174566,235617,3.5,1631840223,2021-09-17T00:57:03Z
174566,244860,3.0,1636525042,2021-11-10T06:17:22Z
174566,267640,3.5,1642825193,2022-01-22T04:19:53Z
174566,257037,3.5,1655737367,2022-06-20T15:02:47Z
174566,278746,3.0,1663168685,2022-09-14T15:18:05Z
174566,273891,4.0,1671644106,2022-12-21T17:35:06Z
174566,260645,3.0,1677082580,2023-02-22T16:16:20Z
174566,289563,2.5,1693618216,2023-09-02T01:30:16Z
178310,231413,3.0,1616170765,2021-03-19T16:19:25Z
178310,244120,2.5,1616506214,2021-03-23T13:30:14Z
178310,236883,2.0,1619788518,2021-04-30T13:15:18Z
178310,267548,1.5,1641001447,2022-01-01T01:44:07Z
178310,268374,1.5,1641779335,2022-01-10T01:48:55Z
178310,272079,1.5,1648223126,2022-03-25T15:45:26Z
178310,257037,4.0,1649960798,2022-04-14T18:26:38Z
178310,273891,2.5,1659708456,2022-08-05T14:07:36Z
178310,276231,1.5,1662194086,2022-09-03T08:34:46Z
178310,275245,3.5,1663470069,2022-09-18T03:01:09Z
178310,289097,2.5,1693847282,2023-09-04T17:08:02Z
179455,257037,3.5,1679702117,2023-03-24T23:55:17Z
179455,275245,3.0,1679702416,2023-03-25T00:00:16Z
179455,273891,2.0,1679702434,2023-03-25T00:00:34Z
179455,239256,2.0,1679703241,2023-03-25T00:14:01Z
179455,252932,3.5,1679703275,2023-03-25T00:14:35Z
179618,231413,4.5,1629114763,2021-08-16T11:52:43Z
179618,210577,3.5,1631191652,2021-09-09T12:47:32Z
179618,273891,3.5,1669907611,2022-12-01T15:13:31Z
179618,272079,4.5,1684558214,2023-05-20T04:50:14Z
179618,281188,4.0,1694240185,2023-09-09T06:16:25Z
180410,216511,3.0,1594514522,2020-07-12T00:42:02Z
180410,238036,3.5,1612627094,2021-02-06T15:58:14Z
180410,243994,4.0,1616426018,2021-03-22T15:13:38Z
180410,231413,4.5,1620835469,2021-05-12T16:04:29Z
180410,252932,4.0,1643079697,2022-01-25T03:01:37Z
180410,272079,4.0,1647957085,2022-03-22T13:51:25Z
180410,257037,4.0,1648398344,2022-03-27T16:25:44Z
180410,268322,3.5,1654837154,2022-06-10T04:59:14Z
180410,256535,4.0,1658411318,2022-07-21T13:48:38Z
180410,275651,3.5,1658411326,2022-07-21T13:48:46Z
180410,259737,4.0,1660799168,2022-08-18T05:06:08Z
180410,275245,4.5,1667149998,2022-10-30T17:13:18Z
180410,273891,4.0,1668782413,2022-11-18T14:40:13Z
180410,246604,4.0,1670903477,2022-12-13T03:51:17Z
180410,278070,3.5,1673105692,2023-01-07T15:34:52Z
180410,281188,4.5,1682431359,2023-04-25T14:02:39Z
180410,288937,3.0,1689993926,2023-07-22T02:45:26Z
181059,231413,3.0,1631015537,2021-09-07T11:52:17Z
181059,210577,2.5,1646160815,2022-03-01T18:53:35Z
181059,257037,3.0,1646510818,2022-03-05T20:06:58Z
181059,275245,3.0,1665263794,2022-10-08T21:16:34Z
181059,273891,3.5,1666186490,2022-10-19T13:34:50Z
181059,253332,2.5,1688229420,2023-07-01T16:37:00Z
181118,257037,3.0,1642398123,2022-01-17T05:42:03Z
181118,272079,3.5,1650232480,2022-04-17T21:54:40Z
181118,275245,3.0,1658615277,2022-07-23T22:27:57Z
181118,273891,3.0,1659826898,2022-08-06T23:01:38Z
181118,276231,3.0,1661022998,2022-08-20T19:16:38Z
181184,275245,3.0,1672589124,2023-01-01T16:05:24Z
181184,257037,4.0,1672641409,2023-01-02T06:36:49Z
181184,246604,4.0,1672641454,2023-01-02T06:37:34Z
181184,281188,2.5,1682242796,2023-04-23T09:39:56Z
181184,283149,4.0,1695462904,2023-09-23T09:55:04Z
182204,252308,4.0,1660006579,2022-08-09T00:56:19Z
182204,255639,4.0,1660006579,2022-08-09T00:56:19Z
182204,239256,3.5,1660006598,2022-08-09T00:56:38Z
182204,275245,4.5,1660007192,2022-08-09T01:06:32Z
182204,273891,3.5,1673829528,2023-01-16T00:38:48Z
182545,252932,3.0,1644269407,2022-02-07T21:30:07Z
182545,272079,2.0,1657032488,2022-07-05T14:48:08Z
182545,276231,1.5,1661594764,2022-08-27T10:06:04Z
182545,275245,2.0,1661594790,2022-08-27T10:06:30Z
182545,273891,1.5,1661594915,2022-08-27T10:08:35Z
182545,258579,3.5,1661595034,2022-08-27T10:10:34Z
182545,276211,2.0,1661595108,2022-08-27T10:11:48Z
182545,257037,3.0,1661595272,2022-08-27T10:14:32Z
182545,256535,3.0,1661595288,2022-08-27T10:14:48Z
182545,274993,4.0,1661596206,2022-08-27T10:30:06Z
182545,259737,2.0,1681117643,2023-04-10T09:07:23Z
182545,279692,2.0,1681118043,2023-04-10T09:14:03Z
182545,282901,3.0,1681118850,2023-04-10T09:27:30Z
182545,283791,2.0,1681119141,2023-04-10T09:32:21Z
185004,272079,4.0,1653254038,2022-05-22T21:13:58Z
185004,249180,4.5,1663543468,2022-09-18T23:24:28Z
185004,279094,4.0,1671659582,2022-12-21T21:53:02Z
185004,273891,4.5,1672524526,2022-12-31T22:08:46Z
185004,272555,3.5,1672709711,2023-01-03T01:35:11Z
185004,218657,4.0,1673050593,2023-01-07T00:16:33Z
185004,270762,2.5,1686089905,2023-06-06T22:18:25Z
185004,281188,4.5,1687406975,2023-06-22T04:09:35Z
185004,288209,4.0,1687630930,2023-06-24T18:22:10Z
185004,278070,4.0,1687739700,2023-06-26T00:35:00Z
190209,218657,3.0,1592676029,2020-06-20T18:00:29Z
190209,243994,3.0,1616635958,2021-03-25T01:32:38Z
190209,254500,3.5,1629666009,2021-08-22T21:00:09Z
190209,268322,4.0,1647129401,2022-03-12T23:56:41Z
190209,278742,3.5,1669300257,2022-11-24T14:30:57Z
190209,278852,3.5,1687663430,2023-06-25T03:23:50Z
190209,288323,4.0,1690075622,2023-07-23T01:27:02Z
190209,288937,4.0,1690076468,2023-07-23T01:41:08Z
190209,285651,4.0,1690595791,2023-07-29T01:56:31Z
190920,239256,3.0,1635458005,2021-10-28T21:53:25Z
190920,253332,3.5,1668594939,2022-11-16T10:35:39Z
190920,260825,3.5,1668595209,2022-11-16T10:40:09Z
190920,242062,3.5,1668595535,2022-11-16T10:45:35Z
190920,258001,3.5,1668595669,2022-11-16T10:47:49Z
190920,275245,3.5,1668596965,2022-11-16T11:09:25Z
190920,238344,3.5,1668597012,2022-11-16T11:10:12Z
190920,279436,2.5,1675761876,2023-02-07T09:24:36Z
193321,210577,1.0,1596517616,2020-08-04T05:06:56Z
193321,275245,4.5,1658610639,2022-07-23T21:10:39Z
193321,257037,4.5,1677669971,2023-03-01T11:26:11Z
193321,273891,3.5,1682227871,2023-04-23T05:31:11Z
193321,287405,3.5,1684382620,2023-05-18T04:03:40Z
195510,247500,2.0,1623036450,2021-06-07T03:27:30Z
195510,210577,3.0,1634748913,2021-10-20T16:55:13Z
195510,226082,3.5,1642368878,2022-01-16T21:34:38Z
195510,273891,3.0,1671470615,2022-12-19T17:23:35Z
195510,275245,3.0,1689866956,2023-07-20T15:29:16Z
196013,252932,3.0,1659205242,2022-07-30T18:20:42Z
196013,278070,3.5,1673165385,2023-01-08T08:09:45Z
196013,288209,1.5,1692995433,2023-08-25T20:30:33Z
196013,279094,2.5,1692996271,2023-08-25T20:44:31Z
196013,281188,2.5,1692996315,2023-08-25T20:45:15Z
197286,218657,2.5,1594579047,2020-07-12T18:37:27Z
197286,231413,4.5,1623217370,2021-06-09T05:42:50Z
197286,252932,3.0,1642994376,2022-01-24T03:19:36Z
197286,275245,3.0,1661436141,2022-08-25T14:02:21Z
197286,272079,4.0,1664151755,2022-09-26T00:22:35Z
197474,257037,3.0,1648544744,2022-03-29T09:05:44Z
197474,238344,4.0,1651968097,2022-05-08T00:01:37Z
197474,275245,3.5,1660853520,2022-08-18T20:12:00Z
197474,273891,3.5,1687363604,2023-06-21T16:06:44Z
197474,249182,4.5,1691762101,2023-08-11T13:55:01Z
198511,210577,3.0,1634891290,2021-10-22T08:28:10Z
198511,231413,3.0,1636541076,2021-11-10T10:44:36Z
198511,224845,3.5,1636541543,2021-11-10T10:52:23Z
198511,223570,4.0,1658230050,2022-07-19T11:27:30Z
198511,252308,3.5,1658420907,2022-07-21T16:28:27Z
198511,255639,3.0,1658420940,2022-07-21T16:29:00Z
198511,275245,2.0,1668114967,2022-11-10T21:16:07Z
198676,210577,1.5,1590789976,2020-05-29T22:06:16Z
198676,253332,3.0,1632946372,2021-09-29T20:12:52Z
198676,257037,4.5,1645225102,2022-02-18T22:58:22Z
198676,253826,2.5,1649017745,2022-04-03T20:29:05Z
198676,252932,2.5,1657050167,2022-07-05T19:42:47Z
198676,260825,4.0,1657223865,2022-07-07T19:57:45Z
198676,274993,3.0,1659721277,2022-08-05T17:41:17Z
198676,242062,4.0,1663182777,2022-09-14T19:12:57Z
198676,275245,4.0,1664571082,2022-09-30T20:51:22Z
198676,273891,3.5,1666040535,2022-10-17T21:02:15Z
198676,258001,3.5,1668976592,2022-11-20T20:36:32Z
199718,218657,1.5,1614262812,2021-02-25T14:20:12Z
199718,223570,2.5,1640462091,2021-12-25T19:54:51Z
199718,242062,2.5,1644010094,2022-02-04T21:28:14Z
199718,257037,4.0,1648796191,2022-04-01T06:56:31Z
199718,210577,0.5,1649784235,2022-04-12T17:23:55Z
199718,252932,1.5,1650290102,2022-04-18T13:55:02Z
199718,275245,2.5,1662392206,2022-09-05T15:36:46Z
199718,273891,2.0,1665332588,2022-10-09T16:23:08Z
199718,279452,0.5,1691949394,2023-08-13T17:56:34Z
