userId,n_target_movies,mean_rating_subset,std_rating_subset,first_rating_at_utc,last_rating_at_utc
3135,14,1.4285714285714286,1.2987737242542239,2023-10-03T01:34:57Z,2023-10-03T15:30:53Z
3210,6,4.083333333333333,0.6645800679125629,2022-01-10T14:13:52Z,2023-08-22T12:09:57Z
4392,8,3.625,1.4820352800890306,2022-05-31T14:29:02Z,2022-09-25T16:01:23Z
5029,6,3.3333333333333335,1.0801234497346435,2020-03-12T19:55:09Z,2022-09-16T04:45:30Z
6112,8,2.5625,1.1160357137142674,2021-07-23T13:43:05Z,2023-03-14T14:14:28Z
6324,5,3.1,1.08397416943394,2022-03-24T07:23:00Z,2023-09-04T01:35:21Z
6541,6,3.0,0.6324555320336759,2020-03-12T16:33:49Z,2023-09-27T09:13:08Z
7419,6,3.6666666666666665,0.25819888974716115,2021-12-05T15:01:18Z,2023-01-22T06:38:36Z
8069,7,3.357142857142857,0.944911182523068,2021-05-06T20:17:06Z,2023-08-05T22:03:16Z
9418,5,3.4,0.22360679774997896,2020-06-10T17:08:58Z,2021-05-02T19:41:58Z
10189,7,3.7142857142857144,1.0350983390135313,2022-04-26T11:38:57Z,2022-05-02T13:57:07Z
14731,7,3.4285714285714284,0.6725927091345493,2023-08-04T18:35:50Z,2023-09-07T14:10:47Z
15489,7,3.5,0.7071067811865476,2021-12-07T18:35:03Z,2023-02-18T17:25:28Z
16344,7,3.142857142857143,0.6267831705280087,2021-07-11T18:42:27Z,2023-05-04T11:48:15Z
16642,5,2.9,0.8215838362577492,2022-03-18T00:16:48Z,2022-05-24T12:28:00Z
16647,5,4.3,0.6708203932499369,2023-07-24T05:44:57Z,2023-07-24T22:50:42Z
17856,7,3.357142857142857,0.6267831705280087,2020-09-22T15:25:59Z,2023-02-08T04:04:29Z
18240,5,2.6,0.6519202405202649,2020-03-28T09:04:27Z,2023-08-01T13:29:33Z
19387,5,3.7,0.27386127875258304,2022-02-01T18:15:56Z,2023-08-22T20:38:19Z
19528,9,2.2777777777777777,0.6180165405913053,2020-07-01T02:50:54Z,2023-03-04T17:04:53Z
20942,5,1.0,1.118033988749895,2023-02-22T08:23:41Z,2023-02-22T08:23:42Z
20959,5,3.5,0.3535533905932738,2020-02-14T04:33:19Z,2023-09-17T16:31:45Z
21707,12,3.8333333333333335,0.3892494720807615,2020-06-21T12:29:23Z,2023-08-10T07:02:45Z
22724,5,3.7,0.27386127875258304,2021-01-12T09:03:24Z,2023-08-29T05:27:27Z
22768,7,2.7857142857142856,0.809173593712687,2022-10-15T11:21:53Z,2023-08-24T02:21:19Z
23087,5,4.1,0.7416198487095663,2021-11-27T10:50:41Z,2023-07-08T18:38:34Z
24072,6,3.5,0.4472135954999579,2023-01-09T03:58:20Z,2023-01-09T03:58:33Z
24675,5,2.6,0.5477225575051661,2021-08-28T23:18:48Z,2023-09-02T20:13:08Z
25788,14,3.6785714285714284,0.8459665127292809,2020-02-19T17:33:47Z,2023-08-11T12:14:33Z
27533,5,3.8,0.4472135954999579,2021-09-18T02:48:10Z,2022-09-29T07:10:30Z
30633,5,1.3,1.7888543819998317,2022-10-19T01:53:50Z,2022-10-19T02:07:51Z
31033,6,3.4166666666666665,1.1583033569262702,2020-12-22T23:05:37Z,2023-03-12T23:59:35Z
34365,10,3.7,0.6324555320336759,2022-03-24T22:35:22Z,2023-08-11T06:16:58Z
34883,5,3.2,1.036822067666386,2020-07-18T19:54:26Z,2021-11-22T00:08:17Z
35263,6,3.0833333333333335,0.7359800721939872,2022-05-02T19:41:18Z,2023-01-26T19:17:21Z
36145,8,3.0625,1.2659694196261502,2022-10-12T11:28:38Z,2022-11-04T11:01:08Z
36438,6,3.25,0.689202437604511,2020-02-23T23:45:34Z,2023-09-14T02:02:15Z
38631,7,3.5,0.408248290463863,2022-09-01T15:17:57Z,2022-09-01T15:18:12Z
39052,7,1.5714285714285714,0.4498677054212187,2023-04-14T21:21:37Z,2023-09-08T12:47:28Z
44583,6,3.3333333333333335,0.5163977794943223,2022-01-23T17:37:09Z,2022-11-07T00:35:14Z
44816,7,3.642857142857143,0.47559486560567094,2023-05-03T13:55:10Z,2023-05-03T13:55:15Z
48111,5,3.5,0.7905694150420949,2021-04-25T13:48:47Z,2023-03-19T20:59:16Z
49999,5,2.7,0.8366600265340756,2022-09-02T14:18:49Z,2023-09-01T16:50:34Z
50288,5,3.5,0.7071067811865476,2020-03-01T19:18:11Z,2022-12-23T00:17:21Z
52068,5,1.9,1.6355427233796127,2022-11-20T18:08:24Z,2023-07-23T18:52:17Z
52161,5,2.4,1.2449899597988732,2022-09-25T07:37:14Z,2023-07-23T20:24:32Z
52801,5,2.0,1.0606601717798212,2022-07-04T21:06:13Z,2022-07-04T22:33:29Z
52881,9,3.7777777777777777,1.0639287779003088,2022-05-25T00:23:34Z,2023-09-23T15:17:46Z
54831,7,3.642857142857143,0.8521681032463467,2021-02-28T21:45:14Z,2023-07-16T23:34:54Z
57304,21,3.0476190476190474,0.3124404705204619,2020-09-19T23:10:58Z,2023-09-27T15:52:43Z
57770,6,3.25,1.6046806535881213,2021-11-07T15:07:00Z,2023-08-27T23:02:34Z
57927,5,3.2,0.8366600265340756,2021-09-29T21:37:36Z,2023-08-06T00:37:29Z
60326,5,4.0,0.8660254037844386,2020-03-30T22:57:50Z,2023-06-02T08:28:26Z
63287,6,3.9166666666666665,0.7359800721939872,2022-08-30T02:15:46Z,2023-07-22T01:50:40Z
64819,6,2.6666666666666665,0.6055300708194983,2020-03-02T21:25:29Z,2023-06-06T18:22:43Z
65925,6,3.25,0.9354143466934853,2023-09-10T11:00:16Z,2023-09-10T11:00:20Z
66255,5,3.6,0.8215838362577492,2023-02-19T04:45:44Z,2023-02-19T17:08:28Z
66366,7,3.5,0.5,2020-11-28T18:26:13Z,2022-09-04T01:50:28Z
66537,5,3.7,0.6708203932499369,2022-01-02T08:08:12Z,2023-08-26T06:16:12Z
67072,7,3.142857142857143,0.47559486560567094,2021-11-08T00:07:24Z,2023-03-16T13:17:25Z
67513,6,3.8333333333333335,0.8755950357709131,2021-03-22T20:58:59Z,2022-09-11T20:48:20Z
68110,5,3.2,0.9746794344808964,2021-07-17T13:31:23Z,2023-08-07T17:24:03Z
70740,6,2.6666666666666665,1.1254628677422756,2020-12-11T05:45:04Z,2022-11-20T07:26:11Z
71523,6,2.4166666666666665,2.131118642090737,2022-07-15T21:42:51Z,2022-07-15T22:23:39Z
71720,5,4.0,0.5,2022-06-13T16:09:53Z,2022-06-13T16:17:58Z
71952,7,2.857142857142857,1.1443442705426587,2020-02-29T03:45:55Z,2023-09-18T12:35:40Z
73206,6,4.25,0.689202437604511,2022-03-30T18:21:32Z,2022-12-01T22:17:42Z
73800,8,4.0625,0.3204349722308279,2022-08-17T06:07:44Z,2023-08-24T09:58:25Z
74587,5,3.3,0.27386127875258304,2022-01-26T09:48:35Z,2023-06-25T19:28:26Z
75189,7,3.7857142857142856,0.4879500364742666,2022-12-10T19:32:33Z,2023-03-01T17:54:01Z
76136,5,4.4,0.22360679774997896,2022-01-11T21:53:00Z,2023-07-26T19:47:45Z
76344,9,3.2777777777777777,0.44095855184409843,2021-06-17T16:36:45Z,2022-11-13T18:48:35Z
79742,7,4.214285714285714,0.7559289460184545,2022-03-29T21:06:08Z,2022-11-18T03:26:06Z
80266,12,3.7916666666666665,0.7525210155124432,2020-07-15T22:03:56Z,2022-04-24T22:06:16Z
81267,5,3.5,0.3535533905932738,2021-02-20T20:47:09Z,2023-08-30T02:37:05Z
82050,5,2.2,2.138924963620744,2020-05-24T02:50:21Z,2023-03-18T15:09:57Z
82151,5,3.2,0.758287544405155,2022-05-02T10:31:44Z,2022-12-21T08:16:50Z
83924,8,3.375,0.5824823725107175,2020-06-19T06:46:54Z,2023-08-21T06:39:02Z
85103,6,3.5833333333333335,0.7359800721939872,2021-12-24T22:40:09Z,2021-12-29T11:37:39Z
85714,8,3.5,0.8451542547285166,2020-05-04T03:51:32Z,2023-10-10T00:19:50Z
87222,5,3.2,0.27386127875258304,2020-03-30T02:51:03Z,2023-03-14T14:19:25Z
87324,11,3.0,0.4472135954999579,2022-12-27T20:07:21Z,2023-01-30T20:28:31Z
88456,5,3.2,0.9082951062292475,2022-11-29T06:41:07Z,2022-12-09T14:44:08Z
88574,6,3.0,0.4472135954999579,2022-10-16T08:57:14Z,2022-10-16T08:57:23Z
88812,5,3.9,0.6519202405202649,2022-04-16T18:45:33Z,2023-09-12T16:51:39Z
92616,7,3.4285714285714284,0.3450327796711771,2020-02-14T22:02:25Z,2023-09-30T15:05:21Z
93211,6,3.0,0.7071067811865476,2020-04-12T04:33:11Z,2023-06-17T03:17:46Z
94272,5,3.0,0.6123724356957945,2021-09-25T20:22:32Z,2021-09-25T20:23:42Z
95567,5,3.2,0.27386127875258304,2020-09-03T18:26:01Z,2023-04-27T19:10:53Z
95987,9,3.611111111111111,1.024017143953709,2020-12-28T00:26:24Z,2023-04-02T23:22:34Z
98335,11,3.409090909090909,0.30151134457776363,2020-03-02T18:12:09Z,2023-09-11T18:08:41Z
99562,6,4.083333333333333,0.2041241452319315,2023-03-22T22:07:29Z,2023-03-22T22:29:48Z
102585,5,2.7,0.570087712549569,2022-05-10T17:14:12Z,2023-10-03T06:52:21Z
103925,5,3.2,2.4647515087732477,2021-08-30T05:52:50Z,2023-08-10T02:16:46Z
104959,5,2.7,0.6708203932499369,2023-04-12T18:23:25Z,2023-04-12T18:23:42Z
105398,5,3.8,0.4472135954999579,2021-03-01T16:20:07Z,2022-10-22T13:07:12Z
105648,13,3.230769230769231,0.5991446895152781,2021-12-01T19:08:32Z,2023-10-05T02:10:32Z
106357,7,2.9285714285714284,1.4556948921555022,2020-05-10T12:54:15Z,2023-06-05T08:29:37Z
108412,9,1.5,1.8540496217739157,2023-01-14T20:03:53Z,2023-04-05T01:34:03Z
108488,5,3.6,0.4183300132670378,2022-10-22T18:12:51Z,2023-09-22T16:44:09Z
110462,7,3.2142857142857144,0.4879500364742666,2021-05-07T22:01:42Z,2021-10-26T19:19:33Z
110754,5,0.5,0.0,2022-04-23T13:07:29Z,2023-01-20T17:15:19Z
112199,5,3.6,0.5477225575051661,2022-01-19T01:39:29Z,2023-05-04T01:14:18Z
113654,5,2.9,0.4183300132670378,2021-11-15T16:09:41Z,2022-12-05T16:17:17Z
115748,6,3.25,0.4183300132670378,2022-03-26T04:35:17Z,2023-08-06T17:12:06Z
115861,5,3.7,0.570087712549569,2021-09-21T20:36:58Z,2023-09-05T21:34:07Z
116198,5,3.8,0.27386127875258304,2023-07-26T12:03:52Z,2023-07-29T02:10:33Z
116930,6,3.75,1.08397416943394,2021-02-23T05:17:49Z,2021-12-26T20:37:50Z
117151,5,3.3,0.570087712549569,2020-06-21T17:54:38Z,2023-10-03T21:15:38Z
117579,9,3.388888888888889,0.485912657903775,2020-09-24T18:09:54Z,2023-04-20T02:34:48Z
117613,5,2.5,1.0,2021-03-22T03:40:18Z,2023-10-11T08:29:56Z
119247,7,2.4285714285714284,1.8126539343499315,2020-03-14T13:09:58Z,2023-01-29T02:23:16Z
120080,6,2.5,0.6324555320336759,2022-05-17T22:41:42Z,2022-05-17T22:42:13Z
122411,5,3.4,0.5477225575051661,2021-07-26T20:01:06Z,2022-09-21T07:10:05Z
123263,7,3.857142857142857,0.5563486402641868,2023-06-12T00:03:34Z,2023-06-12T00:14:10Z
123807,7,4.071428571428571,0.8380817098475257,2021-09-07T04:18:37Z,2023-02-04T04:37:01Z
124401,11,3.590909090909091,0.8005679801922451,2021-05-25T04:23:51Z,2023-10-01T01:29:05Z
125138,5,2.6,0.5477225575051661,2021-10-26T22:51:43Z,2023-08-11T20:34:59Z
127521,7,2.7857142857142856,0.9511897312113419,2023-09-19T01:43:08Z,2023-09-19T01:44:00Z
127637,5,3.8,1.1510864433221337,2022-11-12T23:32:33Z,2023-01-29T21:18:28Z
129705,7,3.0714285714285716,1.2724180205607036,2022-03-22T14:16:14Z,2023-04-18T05:51:55Z
129909,7,2.9285714285714284,1.2392393980641052,2021-03-08T16:43:59Z,2023-07-05T19:47:00Z
130496,7,3.4285714285714284,0.6074928962939559,2023-05-01T06:54:42Z,2023-05-09T05:07:34Z
131523,5,3.2,0.758287544405155,2021-01-11T08:11:26Z,2023-04-09T06:52:52Z
132839,5,2.2,1.3509256086106296,2020-04-12T20:02:02Z,2023-07-24T08:28:19Z
135553,7,2.9285714285714284,0.6074928962939559,2021-12-25T10:22:47Z,2023-09-06T05:03:22Z
136791,5,3.7,0.27386127875258304,2020-06-19T20:03:19Z,2023-10-06T21:52:34Z
138789,7,4.642857142857143,0.2439750182371333,2022-10-24T01:17:45Z,2023-10-10T16:29:42Z
139018,6,2.3333333333333335,0.6055300708194983,2021-12-29T23:26:48Z,2021-12-29T23:27:32Z
139055,5,3.8,0.570087712549569,2022-10-31T17:31:12Z,2023-09-19T15:36:38Z
139369,8,3.125,0.8345229603962802,2021-04-19T21:41:14Z,2023-09-17T15:29:16Z
140752,7,3.7857142857142856,0.4879500364742666,2023-01-04T15:49:09Z,2023-01-04T15:49:15Z
143109,6,3.4166666666666665,0.8612007121842542,2020-07-08T08:33:52Z,2023-10-03T16:40:08Z
144480,6,3.5833333333333335,0.917423929634859,2020-08-22T01:36:28Z,2022-11-17T20:37:57Z
145705,5,3.8,1.396424004376894,2022-02-09T12:06:32Z,2023-06-28T09:29:39Z
149475,6,3.3333333333333335,0.25819888974716115,2021-10-18T14:04:03Z,2023-04-29T18:11:08Z
150442,5,2.8,0.9082951062292475,2022-01-19T00:42:18Z,2023-08-27T20:57:23Z
150534,5,3.7,0.27386127875258304,2021-11-09T05:29:16Z,2023-06-14T22:29:40Z
152433,5,4.0,0.3535533905932738,2023-01-18T01:14:53Z,2023-07-01T00:22:51Z
152604,8,3.1875,1.0999188281738923,2023-03-09T02:01:27Z,2023-04-25T12:20:32Z
156934,5,4.6,0.4183300132670378,2022-04-13T22:48:56Z,2022-04-13T23:37:26Z
157004,5,3.4,0.22360679774997896,2021-06-02T04:52:34Z,2023-01-14T03:51:45Z
159663,8,2.5625,0.9425459443140463,2020-06-07T18:06:01Z,2023-09-17T15:30:01Z
161949,6,4.083333333333333,0.5845225972250061,2022-02-22T00:20:58Z,2023-05-13T23:16:44Z
163298,7,2.7142857142857144,0.3933978962347216,2021-08-29T21:17:13Z,2023-02-12T00:36:28Z
164988,9,3.388888888888889,0.7406828681096324,2020-10-17T17:57:43Z,2023-08-23T09:00:13Z
165364,16,2.59375,1.098768249753635,2022-06-26T23:34:35Z,2023-09-27T22:42:16Z
166007,7,3.2142857142857144,1.5236235005501102,2022-11-10T12:05:52Z,2022-11-10T12:40:48Z
167083,6,4.166666666666667,0.6055300708194983,2022-05-08T13:23:39Z,2022-05-08T13:23:42Z
167846,5,3.6,0.5477225575051661,2021-12-14T17:34:14Z,2023-06-12T13:06:31Z
169431,5,3.7,0.9746794344808964,2022-01-16T21:53:58Z,2023-10-05T05:15:15Z
169810,5,3.0,0.3535533905932738,2020-06-29T20:07:39Z,2023-07-30T19:12:07Z
170367,5,3.8,0.27386127875258304,2021-10-02T22:25:23Z,2023-01-07T12:52:57Z
171903,10,3.7,0.5868938953886337,2021-09-13T02:47:58Z,2023-09-09T22:52:27Z
173499,5,2.5,0.9354143466934853,2022-11-20T08:16:22Z,2023-07-31T02:54:32Z
174566,8,3.25,0.4629100498862757,2021-09-17T00:57:03Z,2023-09-02T01:30:16Z
178310,11,2.3636363636363638,0.8686457589520912,2021-03-19T16:19:25Z,2023-09-04T17:08:02Z
179455,5,2.8,0.758287544405155,2023-03-24T23:55:17Z,2023-03-25T00:14:35Z
179618,5,4.0,0.5,2021-08-16T11:52:43Z,2023-09-09T06:16:25Z
180410,17,3.8529411764705883,0.45977935884892596,2020-07-12T00:42:02Z,2023-07-22T02:45:26Z
181059,6,2.9166666666666665,0.3763863263545405,2021-09-07T11:52:17Z,2023-07-01T16:37:00Z
181118,5,3.1,0.22360679774997896,2022-01-17T05:42:03Z,2022-08-20T19:16:38Z
181184,5,3.5,0.7071067811865476,2023-01-01T16:05:24Z,2023-09-23T09:55:04Z
182204,5,3.9,0.4183300132670378,2022-08-09T00:56:19Z,2023-01-16T00:38:48Z
182545,14,2.4642857142857144,0.771219955512187,2022-02-07T21:30:07Z,2023-04-10T09:32:21Z
185004,10,3.95,0.5986094998689324,2022-05-22T21:13:58Z,2023-06-26T00:35:00Z
190209,9,3.611111111111111,0.4166666666666667,2020-06-20T18:00:29Z,2023-07-29T01:56:31Z
190920,8,3.3125,0.37201190457142247,2021-10-28T21:53:25Z,2023-02-07T09:24:36Z
193321,5,3.4,1.4317821063276353,2020-08-04T05:06:56Z,2023-05-18T04:03:40Z
195510,5,2.9,0.5477225575051661,2021-06-07T03:27:30Z,2023-07-20T15:29:16Z
196013,5,2.6,0.7416198487095663,2022-07-30T18:20:42Z,2023-08-25T20:45:15Z
197286,5,3.4,0.8215838362577492,2020-07-12T18:37:27Z,2022-09-26T00:22:35Z
197474,5,3.7,0.570087712549569,2022-03-29T09:05:44Z,2023-08-11T13:55:01Z
198511,7,3.142857142857143,0.6267831705280087,2021-10-22T08:28:10Z,2022-11-10T21:16:07Z
198676,11,3.272727272727273,0.8764598212022147,2020-05-29T22:06:16Z,2022-11-20T20:36:32Z
199718,9,1.9444444444444444,1.102396379610246,2021-02-25T14:20:12Z,2023-08-13T17:56:34Z
